ticker,contribution,months_held,avg_weight_when_held,name,share_of_gains,cum_share_of_gains,rank
NVDA,0.16325123822305057,108,0.033035720459494884,Nvidia Corp,0.09871454430075106,0.09871454430075106,1
SPY,0.13533926450573183,125,0.12737262401558802,Spdr S&P 500 Etf Tr,0.08183676869530626,0.1805513129960573,2
GOOG,0.0976339549902345,126,0.044552012757257516,Alphabet Inc,0.059037171662813144,0.23958848465887045,3
AMZN,0.07758751112910361,126,0.053869152761749285,Amazon Com Inc,0.046915514319556845,0.28650399897842727,4
MU,0.07212774502975866,72,0.01250676759297037,Micron Technology Inc,0.04361411012592282,0.3301181091043501,5
AAPL,0.06374218503337274,135,0.0317112722771714,Apple Inc,0.03854354072161086,0.36866164982596095,6
QQQ,0.05483681031413138,75,0.03649115899521921,Invesco Qqq Tr,0.033158650433451224,0.4018203002594122,7
TSLA,0.05031677789064021,108,0.03439540833149566,Tesla Mtrs Inc,0.030425483164606894,0.4322457834240191,8
AMD,0.047591294800837895,69,0.01456176391143022,Advanced Micro Devices Inc,0.028777441629744892,0.461023225053764,9
META,0.04554383221936979,108,0.023360590996786997,Facebook Inc,0.027539384645293027,0.488562609699057,10
TSM,0.03445725034960619,45,0.018561309083642733,Taiwan Semiconductor Mfg Ltd,0.020835564882337284,0.5093981745813942,11
MSFT,0.02954454187915291,80,0.017521160641420536,Microsoft Corp,0.017864954777189787,0.527263129358584,12
AVGO,0.029518643242494407,42,0.020001403254403447,Broadcom Ltd,0.01784929442359258,0.5451124237821766,13
MRVL,0.02726738743095871,18,0.016141456278521045,Marvell Technology Inc,0.01648800801646268,0.5616004317986393,14
INTC,0.02587040621160144,38,0.014952710334267842,Intel Corp,0.015643283247654835,0.5772437150462941,15
UCO,0.02580831786659273,42,0.03669781603511607,Proshares Tr Ii,0.015605739748747044,0.5928494547950411,16
GLD,0.023261667452885784,78,0.017701387169650803,Spdr Gold Trust,0.014065834521572451,0.6069152893166136,17
MSTR,0.02304190098536365,12,0.012013344840359411,Microstrategy Inc,0.013932946422651004,0.6208482357392646,18
NFLX,0.02005369881807511,78,0.013447980159698019,Netflix Inc,0.012126044261092057,0.6329742800003567,19
EFA,0.019335065963269303,95,0.033213238924182466,Ishares,0.011691502290361163,0.6446657822907179,20
SOXL,0.018444321012031546,6,0.020414517100732877,Direxion Shs Etf Tr,0.01115288780322636,0.6558186700939442,21
COIN,0.015972802212115052,21,0.020231342570823166,Coinbase Global Inc,0.009658413061594371,0.6654770831555386,22
EEM,0.01435068154488841,81,0.04110116278598892,Ishares Tr,0.00867755126716604,0.6741546344227046,23
SMH,0.01432536635037615,42,0.01416122910615251,Vaneck Vectors Etf Tr,0.008662243708599483,0.6828168781313041,24
JPM,0.01197325448883126,39,0.009172394893579662,Jpmorgan Chase & Co,0.007239971797622876,0.690056849928927,25
HYG,0.011026027499944455,96,0.021375283800864526,Ishares,0.006667203826150726,0.6967240537550777,26
SHOP,0.010986396031319876,27,0.010160447463271811,Shopify Inc,0.006643239521758134,0.7033672932768359,27
PLTR,0.010972862768298274,39,0.011828919769658943,Palantir Technologies Inc,0.006635056246049961,0.7100023495228859,28
ALV,0.010667664391267326,15,0.01807421547319651,Autoliv Inc,0.006450509292300211,0.7164528588151861,29
FXI,0.009320494309345227,98,0.018937591565390786,Ishares,0.005635904256650512,0.7220887630718366,30
IEFA,0.008261369102071942,51,0.02281877335604661,Ishares Tr,0.004995473817460995,0.7270842368892976,31
BE,0.007367486473759152,9,0.011505891268898567,Bloom Energy Corp,0.004454962043873752,0.7315391989331713,32
VOD,0.007009546137321842,35,0.022900439256618187,Vodafone Group Plc New,0.004238523151385905,0.7357777220845573,33
SPOT,0.006914253405157021,6,0.011601200504722457,Spotify Technology S A,0.004180901667266004,0.7399586237518233,34
DEO,0.006900730641242314,30,0.021770416579027143,Diageo P L C,0.004172724740143999,0.7441313484919673,35
LULU,0.0068577251173668466,18,0.009456253055002837,Lululemon Athletica Inc,0.004146720216454068,0.7482780687084213,36
XLF,0.006734498921920514,24,0.014017577682279223,Select Sector Spdr Tr,0.004072207962447272,0.7523502766708685,37
VRT,0.006637088419497864,6,0.011743460460954333,Vertiv Holdings Co,0.004013305907789523,0.756363582578658,38
GEV,0.006531537507942891,9,0.011712452923971713,Ge Vernova Inc,0.003949481521229944,0.760313064099888,39
UNH,0.006504597431814272,36,0.013854422556685175,Unitedhealth Group Inc,0.003933191431381862,0.7642462555312698,40
COHR,0.006457623653213235,3,0.01669593024842798,Coherent Corp,0.0039047873886367147,0.7681510429199065,41
MCHI,0.006380015339621384,27,0.012670811967053474,Ishares Tr,0.003857859295511307,0.7720089022154178,42
BA,0.0062889768302241186,51,0.012096349553382084,Boeing Co,0.003802810249226635,0.7758117124646445,43
COST,0.005837515854006492,24,0.008200914180681322,Costco Whsl Corp New,0.0035298214191143338,0.7793415338837588,44
LQD,0.00577586330662103,51,0.01845576397209835,Ishares Tr,0.003492541437740955,0.7828340753214997,45
V,0.005648252111699566,21,0.013267637901134938,Visa Inc,0.0034153776680111644,0.7862494529895109,46
XLK,0.005365862429985551,21,0.009380363154970574,Select Sector Spdr Tr,0.0032446226461867907,0.7894940756356976,47
LVS,0.005222075134733029,15,0.01013788154804895,Las Vegas Sands Corp,0.003157677533355872,0.7926517531690535,48
QCOM,0.005190297895702808,24,0.008395552048210774,Qualcomm Inc,0.0031384625141979874,0.7957902156832515,49
BP,0.005184844342961072,48,0.01947081176783242,Bp Plc,0.0031351648670892712,0.7989253805503408,50
DD,0.004746326780943909,3,0.024580691869472416,Dupont De Nemours Inc,0.0028700026436747324,0.8017953831940156,51
BRK-B,0.004739968521837027,24,0.008437415627516879,Berkshire Hathaway Inc Del,0.002866157939909458,0.804661541133925,52
UL,0.004703301843747888,39,0.01554865907108948,Unilever Plc,0.002843986381163629,0.8075055275150886,53
HD,0.004687138569211675,27,0.007665718006846641,Home Depot Inc,0.002834212793547281,0.8103397403086359,54
TGT,0.004632819003615576,6,0.011004378953149345,Target Corp,0.0028013669099705373,0.8131411072186064,55
USO,0.00458951457901785,24,0.011412805521422579,United States Oil Fund Lp,0.0027751816473844727,0.8159162888659909,56
RIO,0.004573704521121337,17,0.014087065553551954,Rio Tinto Plc,0.002765621642341874,0.8186819105083327,57
ACWX,0.004456753157059707,18,0.013966321896835256,Ishares Tr,0.0026949036451348863,0.8213768141534676,58
FCX,0.004162552061217554,6,0.009280551473372995,Freeport-Mcmoran Inc,0.002517006512929618,0.8238938206663973,59
BAC,0.00414337143577855,42,0.00982470175237661,Bank Amer Corp,0.0025054083975326147,0.8263992290639299,60
KKR,0.004093884502645014,6,0.008195181379936354,Kkr & Co Inc,0.002475484703805745,0.8288747137677357,61
BABA,0.004075236871530451,105,0.019267566245163226,Alibaba Group Hldg Ltd,0.002464208878716765,0.8313389226464525,62
TS,0.003964751490211313,3,0.017356043307341893,Tenaris S A,0.002397400723461539,0.833736323369914,63
VXUS,0.003959487024704642,36,0.01266380612982614,Vanguard Star Fd,0.0023942174133737585,0.8361305407832877,64
CAT,0.003937010661918348,26,0.007984858497614662,Caterpillar Inc Del,0.002380626435846495,0.8385111672191342,65
WMT,0.003886465227121809,51,0.015527424471351668,Wal-Mart Stores Inc,0.002350062688724367,0.8408612299078586,66
TMF,0.0038527279258721695,3,0.021613913416883245,Direxion Shs Etf Tr,0.0023296624617181556,0.8431908923695768,67
UBER,0.0038216484933468633,21,0.008675493193424155,Uber Technologies Inc,0.002310869391281105,0.8455017617608579,68
GLW,0.003812196565233093,6,0.009160314692360219,Corning Inc,0.0023051540118042306,0.8478069157726621,69
PUK,0.0037947288576857877,27,0.012089605301002828,Prudential Plc,0.0022945916613480886,0.8501015074340101,70
SNOW,0.0037663181203636395,15,0.007911587991236967,Snowflake Inc,0.0022774122940211936,0.8523789197280314,71
HOOD,0.0037323494113256166,3,0.010447142704743522,Robinhood Mkts Inc,0.002256872139657453,0.8546357918676888,72
BKNG,0.003637689751291319,21,0.009071177908100863,Booking Hldgs Inc,0.0021996334607619055,0.8568354253284507,73
IEUR,0.0035471868154213207,12,0.012314297867462264,Ishares Tr,0.0021449082643742344,0.8589803335928249,74
MCHP,0.0035355548594134447,6,0.008537017932167051,Microchip Technology Inc.,0.002137874668493785,0.8611182082613187,75
VLO,0.003532267184635342,6,0.010076201563270954,Valero Energy Corp,0.0021358866816272716,0.8632540949429459,76
EFV,0.003508544964827985,24,0.010967051462759364,Ishares,0.002121542360912926,0.8653756373038588,77
BUD,0.003445437456210488,15,0.016206957195416774,Anheuser Busch Inbev Sa/Nv,0.0020833825954928295,0.8674590198993516,78
NOW,0.0033978906090924577,6,0.009351314635239647,Servicenow Inc,0.0020546320304295432,0.8695136519297811,79
VT,0.003322122548721744,45,0.010478020059041842,Vanguard Intl Equity Index F,0.0020088166992047493,0.8715224686289859,80
LITE,0.0032646616303674374,6,0.01207420328432183,Lumentum Hldgs Inc,0.00197407130656829,0.8734965399355541,81
HON,0.0031489336216335585,9,0.008015021313637571,Honeywell Intl Inc,0.001904093046254028,0.8754006329818081,82
NEM,0.0031136237574749806,6,0.0075850280998435195,Newmont Corp,0.0018827419239735767,0.8772833749057817,83
IWM,0.0031035777043863203,69,0.015877453792757398,Ishares,0.0018766672897872602,0.879160042195569,84
NU,0.0030053466065787177,9,0.00979933665180672,Nu Hldgs Ltd,0.0018172690385899787,0.880977311234159,85
EMB,0.003004095077175853,41,0.020665795457447927,Ishares,0.001816512265434519,0.8827938234995936,86
CWB,0.002993840556298864,9,0.013546215393017175,Spdr Series Trust,0.001810311575219775,0.8846041350748134,87
PG,0.002979003849951778,18,0.024387150165475047,Procter & Gamble Co,0.001801340135113602,0.886405475209927,88
CIFR,0.0029716005217161317,3,0.005754021933415882,Cipher Mining Inc,0.001796863500320228,0.8882023387102472,89
DELL,0.0029612743398069992,15,0.021686205761760922,Dell Technologies Inc,0.0017906194782066932,0.8899929581884539,90
IXUS,0.0027816890696075475,45,0.013141267548458445,Ishares Tr,0.001682028092904949,0.8916749862813589,91
ICVT,0.0027686003431196936,9,0.00759884522701077,Ishares Tr,0.0016741136189641122,0.893349099900323,92
IBM,0.0027489384237365825,5,0.021093466810795877,International Business Machs,0.001662224475377158,0.8950113243757001,93
SAP,0.0027472631270511845,6,0.008425406904067203,Sap Se,0.0016612114591779076,0.8966725358348779,94
CGC,0.0025723653223692503,3,0.006134258967671022,Canopy Growth Corp,0.0015554544843683828,0.8982279903192463,95
ASHR,0.0025659509321810823,24,0.008981952308797865,Dbx Etf Tr,0.0015515758393346033,0.8997795661585809,96
BITO,0.0025612410659613745,6,0.011382317914946616,Proshares Tr,0.0015487278836152064,0.901328294042196,97
ITUB,0.002507753285495342,2,0.009730058623647113,Itau Unibanco Hldg Sa,0.0015163849627783737,0.9028446790049744,98
FSLR,0.0024805983023530507,14,0.008020701046883552,First Solar Inc,0.0014999649232395411,0.904344643928214,99
INDA,0.0024603576677551743,12,0.010457387328637073,Ishares Tr,0.0014877258428966562,0.9058323697711107,100
DIA,0.002385784924883804,18,0.009252024124195441,Spdr Dow Jones Indl Avrg Etf,0.0014426332946873342,0.907275003065798,101
BNDX,0.0023278957797494733,27,0.020476737761547653,Vanguard Charlotte Fds,0.0014076289624439992,0.908682632028242,102
FETH,0.0023103029175138164,3,0.011807273041648378,Fidelity Ethereum Fd,0.0013969909336152932,0.9100796229618573,103
SCHF,0.0022742769277198102,30,0.011040357922409993,Schwab Strategic Tr,0.0013752067854262311,0.9114548297472835,104
FBTC,0.002249500049765635,12,0.013623218283014493,Fidelity Wise Origin Bitcoin,0.0013602247354089442,0.9128150544826925,105
VZ,0.0022366823942994007,11,0.017230461171280367,Verizon Communications Inc,0.001352474172337413,0.9141675286550299,106
ASML,0.002176864744168063,12,0.00930705207309348,Asml Holding N V,0.001316303714225549,0.9154838323692555,107
NET,0.0021622707809457087,3,0.008699915525026037,Cloudflare Inc,0.0013074790557131995,0.9167913114249686,108
SBUX,0.002153583553377597,6,0.010639763307957358,Starbucks Corp,0.0013022260743578522,0.9180935374993264,109
ACWI,0.0021271427251681333,41,0.011386281929496487,Ishares,0.0012862378690857703,0.9193797753684122,110
SNPS,0.002123126978064216,6,0.006163653010919493,Synopsys Inc,0.001283809632401595,0.9206635850008138,111
IWR,0.002064403608907665,6,0.0110801875728608,Ishares Tr,0.0012483008626722441,0.921911885863486,112
VCIT,0.002006753446713087,24,0.012876923046054862,Vanguard Scottsdale Fds,0.0012134410383190185,0.923125326901805,113
EWT,0.002006410687581765,15,0.01283912114237064,Ishares Inc,0.0012132337791776996,0.9243385606809827,114
SPDW,0.001962770914674988,12,0.009316467349091044,Spdr Index Shs Fds,0.0011868457386165928,0.9255254064195994,115
HSBC,0.0019281333204747473,15,0.007525070023581334,Hsbc Hldgs Plc,0.0011659011236515326,0.9266913075432509,116
APH,0.0019268860273977623,3,0.007190238561029109,Amphenol Corp New,0.0011651469121120414,0.9278564544553629,117
B,0.0019200477264994806,3,0.008591614918007749,Barrick Mng Corp,0.0011610119373068703,0.9290174663926698,118
UNP,0.0019114734583078473,9,0.007367712171696973,Union Pac Corp,0.0011558272600789214,0.9301732936527487,119
JNK,0.0018706224212958302,48,0.03017469827488098,Spdr Series Trust,0.0011311255086756968,0.9313044191614244,120
DBEF,0.0018444837439480998,9,0.03223824254073128,Dbx Etf Tr,0.0011153200075898176,0.9324197391690142,121
WFC,0.0018390844913753657,12,0.013015050267720983,Wells Fargo Co New,0.001112055194635971,0.9335317943636502,122
FDX,0.0018388812284698074,12,0.008242722164761046,Fedex Corp,0.0011119322858892207,0.9346437266495394,123
LLY,0.0018345844917787768,21,0.010504096968812588,Lilly Eli & Co,0.0011093341407905852,0.93575306079033,124
BLK,0.0018344525969744385,6,0.006592791523082084,Blackrock Inc,0.0011092543868135396,0.9368623151771436,125
EMXC,0.0018320303432613058,9,0.009771530214201922,Ishares Inc,0.0011077897016198751,0.9379701048787634,126
EQIX,0.0017380207634141182,3,0.012382630864766002,Equinix Inc,0.0010509441123579993,0.9390210489911214,127
MPC,0.0017237727401005127,6,0.00830558304603452,Marathon Pete Corp,0.0010423286363352854,0.9400633776274566,128
T,0.0016527489243214782,15,0.009610867403417841,At&T Inc,0.0009993820486986964,0.9410627596761553,129
IWF,0.0016507091259332733,6,0.014870337418557394,Ishares Tr,0.0009981486260885603,0.9420609083022439,130
IEMG,0.0016214231946834294,86,0.05313401845747364,Ishares Inc,0.00098044004764702,0.9430413483498908,131
MRNA,0.0016198647111202759,18,0.008649915825428777,Moderna Inc,0.0009794976658530961,0.944020846015744,132
VTI,0.0016156066870465923,9,0.012004915180970542,Vanguard Index Fds,0.0009769229294490697,0.944997768945193,133
MA,0.0014832262314254654,24,0.008179778250613196,Mastercard Inc,0.0008968752894237569,0.9458946442346168,134
BBEU,0.001421313079918806,9,0.009050282423429715,J P Morgan Exchange Traded F,0.0008594377262926718,0.9467540819609095,135
PEP,0.0013939851294110595,6,0.009648832771951596,Pepsico Inc,0.0008429130970744859,0.947596995057984,136
XPEV,0.001372883516414964,6,0.005493101493212647,Xpeng Inc,0.0008301534014446474,0.9484271484594287,137
RSP,0.0013197113426923865,6,0.011447221149516323,Invesco Exchange Traded Fd T,0.0007980013212789027,0.9492251497807076,138
PFE,0.0013128966795833634,15,0.006686030233420957,Pfizer Inc,0.0007938806397410926,0.9500190304204487,139
GWW,0.0012787992048708746,3,0.007195840578017601,Grainger W W Inc,0.0007732626235184477,0.9507922930439671,140
EZU,0.0012594691910292784,32,0.02646436204249374,Ishares,0.000761574176138384,0.9515538672201055,141
FNF,0.001253407978494466,3,0.008251208865110861,Fidelity National Financial,0.0007579090901041421,0.9523117763102096,142
EFG,0.0012341093554089468,14,0.012062742179172059,Ishares,0.0007462396240452317,0.9530580159342548,143
VGLT,0.0011834291215217555,3,0.011826153919620786,Vanguard Scottsdale Fds,0.0007155943667860241,0.9537736103010408,144
ING,0.001145726468969548,3,0.011603327879173966,Ing Groep N V,0.0006927963763626032,0.9544664066774033,145
RECS,0.0011139351148100763,3,0.022499388834270908,Columbia Etf Tr I,0.0006735728220869032,0.9551399794994903,146
DIS,0.00111229346207252,42,0.009093986203009826,Disney Walt Co,0.0006725801496658431,0.9558125596491561,147
FLOT,0.0011107074088355338,18,0.016977125278551886,Ishares Tr,0.0006716210970777586,0.9564841807462339,148
NVO,0.0010816267801573949,3,0.005036807938681917,Novo-Nordisk A S,0.000654036660725615,0.9571382174069595,149
KO,0.0010729788631703907,9,0.010769064960422719,Coca Cola Co,0.0006488074496408179,0.9577870248566003,150
WSM,0.0010722698948960896,3,0.006831957523378943,Williams Sonoma Inc,0.0006483787516359322,0.9584354036082362,151
SPEM,0.0010321824082601594,12,0.008516217260273379,Spdr Index Shs Fds,0.0006241387028712084,0.9590595423111075,152
CMG,0.0010262943684914174,12,0.009306277374200369,Chipotle Mexican Grill Inc,0.0006205783307176942,0.9596801206418252,153
EWH,0.0010100455370784492,15,0.010174742080470475,Ishares,0.000610753008681488,0.9602908736505067,154
JPUS,0.0009915998250841812,3,0.013038129357042553,J P Morgan Exchange Traded F,0.00059959927978095,0.9608904729302876,155
GEHC,0.0009770152052431924,9,0.00804440947763036,Ge Healthcare Technologies I,0.0005907802710121722,0.9614812532012998,156
XLE,0.0009748920670318891,30,0.013211662232010032,Select Sector Spdr Tr,0.0005894964545872704,0.9620707496558871,157
VCSH,0.0009725470632622811,33,0.010020516452379951,Vanguard Scottsdale Fds,0.0005880784807879898,0.9626588281366751,158
APO,0.0009680482310299978,3,0.004621835252690579,Apollo Global Mgmt Inc,0.0005853581328229189,0.963244186269498,159
JBLU,0.0009341730005918312,3,0.0095752856544791,Jetblue Airways Corp,0.0005648745029761569,0.9638090607724742,160
IAU,0.0009337969809735534,12,0.007585056645379943,Ishares Gold Trust,0.0005646471319272725,0.9643737079044015,161
ITB,0.0008865861134908843,3,0.010497160920529117,Ishares,0.0005360997265885926,0.9649098076309901,162
SCHO,0.0008833979600656678,9,0.019098493087871343,Schwab Strategic Tr,0.0005341719181630227,0.9654439795491532,163
HYS,0.0008779340278426903,24,0.008550736074111642,Pimco Etf Tr,0.0005308679948032226,0.9659748475439563,164
COP,0.0008645637458430599,6,0.009128607794209265,Conocophillips,0.0005227832702453437,0.9664976308142017,165
NXPI,0.0008619343267110776,3,0.009658368094431729,Nxp Semiconductors N V,0.0005211933165383178,0.96701882413074,166
GILD,0.0008372427038185193,9,0.010881040873514151,Gilead Sciences Inc,0.0005062628184397083,0.9675250869491797,167
DIEM,0.0008342507805320722,6,0.013621272718391106,Franklin Templeton Etf Tr,0.0005044536661967042,0.9680295406153764,168
BND,0.0008297374647096997,27,0.016101365950963387,Vanguard Bd Index Fd Inc,0.0005017245603134022,0.9685312651756898,169
VOO,0.0007941503451762634,24,0.01274925066151167,Vanguard Index Fds,0.00048020578761705213,0.9690114709633069,170
LBTYA,0.0007806955936264009,9,0.005470349520090252,Liberty Global Plc,0.00047206998612248823,0.9694835409494293,171
INFY,0.0007799905935904917,5,0.006595922501800823,Infosys Ltd,0.00047164368762678125,0.9699551846370561,172
SHYG,0.0007785878903491629,18,0.008741663312578994,Ishares Tr,0.0004707955028732434,0.9704259801399293,173
USIG,0.0007781812926814404,11,0.013400695281282094,Ishares,0.0004705496419295847,0.9708965297818589,174
SJNK,0.0007736880973031331,23,0.012214572154456932,Spdr Ser Tr,0.0004678327024499721,0.9713643624843089,175
ETN,0.0007533543035947227,3,0.007846272205327123,Eaton Corp Plc,0.00045553729077849243,0.9718198997750874,176
FTV,0.0007531706415949515,3,0.00952640095412703,Fortive Corp,0.0004554262342817079,0.9722753260093692,177
IREN,0.0007261313113605234,6,0.009807597029613877,Iren Limited,0.0004390761275912938,0.9727144021369605,178
IWO,0.0007255831434555464,6,0.005469475796224053,Ishares Tr,0.0004387446621425223,0.973153146799103,179
EWU,0.0007211274378467248,6,0.01570021963511638,Ishares Tr,0.0004360503919274801,0.9735891971910305,180
LIN,0.0007194964524733964,9,0.009401199176060217,Linde Plc,0.0004350641698342099,0.9740242613608647,181
GLDM,0.0007169970651698573,3,0.015519992550091113,World Gold Tr,0.0004335528436024122,0.9744578142044671,182
PM,0.000707291812223584,9,0.00792670332015248,Philip Morris Intl Inc,0.0004276842839985585,0.9748854984884656,183
EWJ,0.0007029749824971765,24,0.01216914861356246,Ishares Inc,0.00042507398906968313,0.9753105724775353,184
VNQI,0.0007025254238211842,9,0.009597735270196564,Vanguard Intl Equity Index F,0.0004248021505199724,0.9757353746280553,185
USHY,0.0006986058496427952,6,0.014664703809872559,Ishares Tr,0.0004224320675540839,0.9761578066956094,186
MINT,0.0006948395419333442,12,0.023769311172415666,Pimco Etf Tr,0.0004201546615553197,0.9765779613571647,187
EWW,0.0006936657859461509,6,0.007235502259463809,Ishares,0.0004194449163266939,0.9769974062734914,188
VIOV,0.0006611663950835601,3,0.007806833320517883,Vanguard Admiral Fds Inc,0.00039979322734734707,0.9773971995008388,189
SCHW,0.000643692820178707,3,0.011558710439150487,Schwab Charles Corp,0.0003892273290251495,0.9777864268298639,190
TFC,0.0006308769655618242,3,0.007537629039082253,Truist Finl Corp,0.00038147785488883856,0.9781679046847528,191
MBB,0.0006238211118815966,38,0.019872150116194226,Ishares,0.00037721133055323264,0.978545116015306,192
MS,0.0006232708355793017,9,0.0062425499107645575,Morgan Stanley,0.0003768785902015403,0.9789219946055076,193
TTD,0.000615072617194445,3,0.006480190106846085,The Trade Desk Inc,0.00037192130227681756,0.9792939159077844,194
EL,0.0005954118473780602,3,0.004949426855473401,Lauder Estee Cos Inc,0.00036003285380836145,0.9796539487615927,195
F,0.0005905053487096149,3,0.01633969869863802,Ford Mtr Co Del,0.0003570659986381356,0.9800110147602309,196
STLA,0.0005895626410405547,3,0.010281283498571858,Stellantis N.V,0.0003564959634030402,0.9803675107236339,197
EPP,0.0005834980541031332,14,0.009635711342561155,Ishares,0.00035282883693946084,0.9807203395605734,198
DFIV,0.0005720852866331705,6,0.008996218227091804,Dimensional Etf Trust,0.0003459277796962164,0.9810662673402696,199
XOP,0.000558970119054855,6,0.00836171008072623,Spdr Ser Tr,0.0003379973173915292,0.9814042646576611,200
EEMV,0.000545130370681623,14,0.01072438483227704,Ishares,0.00032962871652349765,0.9817338933741846,201
AJG,0.0005402408938075557,3,0.019055298350514758,Gallagher Arthur J & Co,0.0003266721540695385,0.9820605655282542,202
MDY,0.0005347062002134121,2,0.08842530030084693,Spdr S&P Midcap 400 Etf Tr,0.0003233254428167657,0.9823838909710709,203
DASH,0.000529639226890691,3,0.009003235033212478,Doordash Inc,0.0003202615520433734,0.9827041525231143,204
BIV,0.0005270010476990336,15,0.009320100938445314,Vanguard Bd Index Fd Inc,0.00031866630131496934,0.9830228188244292,205
SNN,0.0005221955430442902,3,0.008884249196240764,Smith & Nephew Plc,0.00031576051507229476,0.9833385793395015,206
PCY,0.0005165914794625439,3,0.006596640607153852,Invesco Exchng Traded Fd Tr,0.0003123718572665348,0.983650951196768,207
D,0.0005024787271772862,3,0.006250904181802716,Dominion Energy Inc,0.00030383817675156587,0.9839547893735197,208
INDY,0.000497735350498427,3,0.006051540632899068,Ishares Tr,0.0003009699579717448,0.9842557593314915,209
SHV,0.0004977211747176037,24,0.012430819053343325,Ishares Tr,0.00030096138617921624,0.9845567207176706,210
PTON,0.0004936477985706608,3,0.012453834833600607,Peloton Interactive Inc,0.00029849830244099907,0.9848552190201116,211
HEFA,0.0004906993101822705,3,0.007766168374649481,Ishares Tr,0.00029671541435510087,0.9851519344344667,212
AMAT,0.00048598850249472305,6,0.010462049319321582,Applied Matls Inc,0.0002938668893501673,0.9854458013238169,213
OXY,0.00048443736095507084,6,0.010118866392018457,Occidental Pete Corp,0.0002929289471213707,0.9857387302709383,214
NRG,0.00048266863694837545,6,0.012689226065469274,Nrg Energy Inc,0.00029185943741219365,0.9860305897083504,215
IEX,0.0004721138616075298,3,0.0058371124176028995,Idex Corp,0.0002854771897226244,0.986316066898073,216
AIG,0.00047194259522532014,6,0.005708605266102254,American Intl Group Inc,0.0002853736285915856,0.9866014405266647,217
VTEB,0.0004637386274357713,15,0.011623905299721442,Vanguard Mun Bd Fd Inc,0.00028041286412438534,0.986881853390789,218
XLP,0.0004601277090691535,6,0.007530606670683862,Select Sector Spdr Tr,0.000278229418749344,0.9871600828095384,219
EBAY,0.0004575279141455075,3,0.008095455046281917,Ebay Inc,0.00027665737816970397,0.9874367401877081,220
SGOL,0.000452237456066032,3,0.006157217006512926,Abrdn Gold Etf Trust,0.00027345835092714116,0.9877101985386353,221
XLU,0.00044652742184245555,17,0.010934489296664449,Select Sector Spdr Tr,0.0002700056149328701,0.9879802041535681,222
HYD,0.0004438072634896573,12,0.007896406670004795,Vaneck Vectors Etf Tr,0.00026836079315298577,0.9882485649467211,223
JPST,0.00044345791112830867,15,0.008537260356780575,J P Morgan Exchange-Traded F,0.00026814954722599436,0.9885167144939471,224
AXP,0.0004404112289606967,3,0.005640369327442438,American Express Co,0.0002663072834546524,0.9887830217774017,225
STIP,0.0004206420866305698,9,0.013601552223302732,Ishares Tr,0.00025435330443693234,0.9890373750818386,226
IYR,0.0004170752337706484,3,0.010515015139673187,Ishares Tr,0.00025219650453460083,0.9892895715863732,227
TQQQ,0.0003970330348936741,6,0.019714314160537275,Proshares Tr,0.00024007741404278863,0.989529649000416,228
IGLB,0.0003953978601692063,3,0.008807960374814577,Ishares,0.00023908865873817402,0.9897687376591542,229
TLH,0.0003940981166488326,3,0.004689478162570106,Ishares Tr,0.00023830273153346734,0.9900070403906877,230
SPLB,0.00039370930013773336,6,0.01222764668127828,Spdr Ser Tr,0.00023806762247624032,0.9902451080131639,231
WBD,0.0003922915428151639,3,0.00640863201842428,Warner Bros Discovery Inc,0.00023721033484063123,0.9904823183480045,232
BWX,0.0003900979335878277,3,0.00789830467588814,Spdr Series Trust,0.0002358839060943172,0.9907182022540988,233
QRVO,0.00038654164869452584,3,0.008293337343151163,Qorvo Inc,0.00023373349641616031,0.990951935750515,234
IGSB,0.00038415341676603643,27,0.008550330700120458,Ishares Tr,0.00023228938347054685,0.9911842251339855,235
VNQ,0.0003813242157713415,9,0.008902197123827746,Vanguard Index Fds,0.00023057862592918622,0.9914148037599148,236
LNG,0.00036642192965465216,6,0.008519361867816374,Cheniere Energy Inc,0.00022156753113406765,0.9916363712910489,237
NTTYY,0.0003638912813830304,3,0.011115365570835707,Nippon Teleg Tel Corp,0.00022003730206115055,0.99185640859311,238
BKLN,0.00035681488296334036,15,0.01162834611280077,Invesco Exchng Traded Fd Tr,0.00021575835475947167,0.9920721669478695,239
FLRN,0.00035332606300136936,9,0.010349268122691314,Spdr Ser Tr,0.00021364873968737782,0.9922858156875569,240
IXC,0.00034402132697552247,3,0.01751522801203496,Ishares Tr,0.00020802236412889482,0.9924938380516858,241
IVOG,0.00032899666259136824,3,0.008306403455249646,Vanguard Admiral Fds Inc,0.0001989372698037475,0.9926927753214896,242
MCO,0.00032687151260652587,3,0.006099466590123517,Moodys Corp,0.0001976522369022645,0.9928904275583919,243
BX,0.00032488397039278917,3,0.006406551387904477,Blackstone Inc,0.00019645041248706797,0.9930868779708789,244
JGLO,0.00032427280886184145,3,0.008683322771301996,J P Morgan Exchange Traded F,0.0001960808561352857,0.9932829588270142,245
URTH,0.0003214367148440025,3,0.008737965972669055,Ishares,0.00019436593052974421,0.993477324757544,246
ARKK,0.00031949227681907623,12,0.006471422624515793,Ark Etf Tr,0.00019319017029882093,0.9936705149278429,247
VOYA,0.0003173563485841984,3,0.00859121833368798,Voya Financial Inc,0.0001918986200192635,0.9938624135478621,248
YUMC,0.00031519097524308455,3,0.005227804990591817,Yum China Hldgs Inc,0.00019058926491154302,0.9940530028127736,249
FALN,0.00031357702271473867,3,0.009291500761998793,Ishares Tr,0.00018961334221660438,0.9942426161549902,250
AMP,0.0003072077283708197,3,0.008071530801140972,Ameriprise Finl Inc,0.00018576196567869255,0.9944283781206689,251
CHTR,0.00030634672988296026,3,0.005358253376395891,Charter Communications Inc N,0.00018524133824396184,0.9946136194589128,252
BBHY,0.00029491245021369037,3,0.007163096790409696,J P Morgan Exchange Traded F,0.00017832727303229628,0.994791946731945,253
LRCX,0.0002857055982883872,3,0.008461483937745049,Lam Research Corp,0.0001727600859031608,0.9949647068178482,254
XRT,0.00028213683338800525,2,0.011199675667522425,Spdr Series Trust,0.00017060212983071506,0.9951353089476789,255
IUSB,0.00027783518417689453,12,0.008294264369450901,Ishares Tr,0.00016800101423588998,0.9953033099619147,256
ZTS,0.0002648295650281738,3,0.006622610619558332,Zoetis Inc,0.00016013679353172006,0.9954634467554465,257
BBAG,0.0002610420999033807,6,0.007793863156487941,J P Morgan Exchange Traded F,0.00015784659409483675,0.9956212933495413,258
PCG,0.0002582098380788582,9,0.006472382481376423,Pg&E Corp,0.00015613398573491633,0.9957774273352762,259
EWQ,0.00024736189835386534,3,0.005711685787085043,Ishares Inc,0.00014957446779060782,0.9959270018030668,260
DZZ,0.0002402726479925608,3,0.01032795583138521,Deutsche Bk Ag Ldn Brh,0.0001452877491937543,0.9960722895522606,261
SHY,0.00023542611192222887,6,0.02341351447594854,Ishares Tr,0.00014235715212859576,0.9962146467043892,262
SCHI,0.0002279223738008228,3,0.006848258730605864,Schwab Strategic Tr,0.0001378198016173873,0.9963524665060066,263
VCLT,0.00021918608438059253,12,0.01090894694590346,Vanguard Scottsdale Fds,0.0001325371536057428,0.9964850036596123,264
JIRE,0.000215497756111602,3,0.0061801173220019075,J P Morgan Exchange Traded F,0.00013030690011261144,0.996615310559725,265
BWZ,0.00021264316092876764,3,0.008665725755846072,Spdr Series Trust,0.00012858078724692153,0.9967438913469718,266
APTV,0.00021140208444147277,3,0.006707327544136682,Aptiv Plc,0.00012783033474671873,0.9968717216817186,267
SPIB,0.0002081789646767897,18,0.009980686694660044,Spdr Series Trust,0.00012588138292092787,0.9969976030646395,268
GNMA,0.00020463123864597374,3,0.008564873089044208,Ishares Tr,0.00012373614860449706,0.997121339213244,269
VBK,0.00019999880479069974,6,0.006019218719631,Vanguard Index Fds,0.00012093501458551984,0.9972422742278295,270
VRP,0.00019853829190567926,3,0.008209445837974004,Invesco Exchng Traded Fd Tr,0.00012005187357256661,0.9973623261014021,271
SPHY,0.0001955274736770615,3,0.004974932113097304,Spdr Ser Tr,0.00011823129596074895,0.9974805573973629,272
NEAR,0.00019467772228882056,6,0.014533089362914524,Ishares U S Etf Tr,0.00011771746940744266,0.9975982748667703,273
CNC,0.00019274544168785719,6,0.007099665581849597,Centene Corp Del,0.00011654906051167266,0.9977148239272821,274
CCZ,0.0001880106208580069,3,0.007354236862814014,Comcast Corp New,0.00011368601527139231,0.9978285099425535,275
VMBS,0.0001793714766421022,15,0.0136235759950565,Vanguard Scottsdale Fds,0.00010846210889430067,0.9979369720514477,276
BIL,0.00017868136375255198,9,0.011666491606211186,Spdr Series Trust,0.00010804481233870001,0.9980450168637864,277
VOOG,0.0001634785720666653,3,0.005986026735319061,Vanguard Admiral Fds Inc,9.885200823070855e-05,0.9981438688720171,278
MMM,0.0001630776551908372,9,0.006193795955499225,3M Co,9.86095823408309e-05,0.998242478454358,279
SPSB,0.00016107715653438902,6,0.009152670960005693,Spdr Ser Tr,9.739992344087369e-05,0.9983398783777988,280
SUB,0.00015466878671316955,6,0.010005208772710297,Ishares Tr,9.352491879467283e-05,0.9984334032965935,281
PFIX,0.0001471551695572164,3,0.007236783920067967,Simplify Exchange Traded Fun,8.898159464183039e-05,0.9985223848912353,282
AZN,0.0001452299273897314,12,0.02797363915845717,Astrazeneca Plc,8.78174417367712e-05,0.9986102023329722,283
O,0.00014496339354137623,2,0.008886548505261205,Realty Income Corp,8.765627439943587e-05,0.9986978586073716,284
XLY,0.00013455049527048726,3,0.01103172325442465,Select Sector Spdr Tr,8.135981675017471e-05,0.9987792184241218,285
TFI,0.00012050062552860713,3,0.006156460883508874,Spdr Ser Tr,7.286415996894008e-05,0.9988520825840908,286
QGEN,0.00011946576544479985,6,0.003052340048285388,Qiagen Nv,7.223840213273614e-05,0.9989243209862235,287
CFG,0.00011669595340782904,3,0.008760693635596619,Citizens Finl Group Inc,7.056355582832566e-05,0.9989948845420519,288
ACWV,0.00010822072176247196,21,0.010754599029733535,Ishares,6.543876388909614e-05,0.999060323305941,289
FNDC,0.00010722041288403755,6,0.009176707213355626,Schwab Strategic Tr,6.483389843037458e-05,0.9991251572043713,290
CEG,0.00010015154345205488,3,0.006536809779870637,Constellation Energy Corp,6.055950374709339e-05,0.9991857167081184,291
MCD,9.600213106343455e-05,14,0.008372402972955315,Mcdonalds Corp,5.805044251413111e-05,0.9992437671506326,292
HYLS,9.387114087466608e-05,3,0.006796554218537708,First Tr Exchange-Traded Fd,5.676187816580907e-05,0.9993005290287984,293
IJH,8.958126428763218e-05,2,0.016101053359649453,Ishares,5.41678812258476e-05,0.9993546969100242,294
LMT,8.659846744578945e-05,3,0.00993562246761969,Lockheed Martin Corp,5.2364247549379414e-05,0.9994070611575736,295
TIPX,7.962431068165606e-05,3,0.005426840804010018,Spdr Series Trust,4.814712359768971e-05,0.9994552082811713,296
HYLB,7.806757518481594e-05,3,0.006144082544912617,Dbx Etf Tr,4.72057988222083e-05,0.9995024140799935,297
SCHZ,7.068018597200512e-05,3,0.005820501698668636,Schwab Strategic Tr,4.273880201622673e-05,0.9995451528820097,298
IEI,6.550538547819655e-05,6,0.009235154303492317,Ishares Tr,3.960971045065055e-05,0.9995847625924604,299
LMBS,6.526054966285497e-05,12,0.0064717226554566595,First Tr Exchange Traded Fd,3.946166345141784e-05,0.9996242242559118,300
MFC,6.483485857459436e-05,5,0.00728772588810396,Manulife Finl Corp,3.920425712330704e-05,0.9996634285130351,301
FTSM,6.113626983897182e-05,6,0.011501707868683689,First Tr Exchange-Traded Fd,3.69677993446896e-05,0.9997003963123798,302
JAAA,5.791894824771345e-05,3,0.006179732480970676,Janus Detroit Str Tr,3.502235355078938e-05,0.9997354186659306,303
BSV,5.6825382399269245e-05,12,0.006623309245837504,Vanguard Bd Index Fd Inc,3.4361097589933874e-05,0.9997697797635205,304
PDD,5.391922997725288e-05,9,0.010907348544081279,Pdd Holdings Inc,3.2603809160575044e-05,0.9998023835726811,305
LYG,5.068502981165376e-05,6,0.002879064673229886,Lloyds Banking Group Plc,3.0648157252512195e-05,0.9998330317299337,306
GSY,4.965377501698308e-05,3,0.005503763374767212,Invesco Actively Managed Etf,3.0024579457807867e-05,0.9998630563093914,307
VIG,4.32353476231926e-05,6,0.008142322904847267,Vanguard Specialized Portfol,2.6143493211835228e-05,0.9998891998026033,308
ILTB,4.1072450024563413e-05,3,0.008302383325336638,Ishares Tr,2.4835635132828497e-05,0.999914035437736,309
EFAV,3.707596424145466e-05,15,0.011408939105267475,Ishares Tr,2.2419045358820236e-05,0.9999364544830949,310
SHM,2.9453944810853903e-05,3,0.008308636622644337,Spdr Ser Tr,1.781017266092858e-05,0.9999542646557558,311
ICSH,2.49521816109175e-05,3,0.005714692698138078,Ishares Tr,1.5088052402187009e-05,0.9999693527081579,312
FNDF,2.2259745885719242e-05,9,0.007542285101293508,Schwab Strategic Tr,1.3459993904346587e-05,0.9999828127020622,313
VB,2.1112703079597997e-05,3,0.009718636856849582,Vanguard Index Fds,1.2766401566964085e-05,0.9999955791036292,314
SPMB,7.311149655532234e-06,3,0.007580627424345082,Spdr Ser Tr,4.420896370625833e-06,0.9999999999999999,315
JPIN,-2.0032222134003643e-06,9,0.004610906534248319,J P Morgan Exchange Traded F,,,316
PFF,-9.527544218753374e-06,6,0.0048241664708372186,Ishares Tr,,,317
TDG,-1.556770714247329e-05,3,0.005335951022409624,Transdigm Group Inc,,,318
IGF,-1.658224706981796e-05,3,0.00571951793620661,Ishares Tr,,,319
RACE,-1.7818489311724288e-05,3,0.008251095469982582,Ferrari N V,,,320
XLI,-1.831396642914618e-05,6,0.009868404321526345,Select Sector Spdr Tr,,,321
TUR,-1.8521473114793376e-05,2,0.00713967723066305,Ishares,,,322
IDEV,-2.632629610814567e-05,6,0.006043290316939465,Ishares Tr,,,323
HEWJ,-2.9880950652248252e-05,6,0.010569725136128699,Ishares Tr,,,324
THD,-3.080434332840872e-05,3,0.010232572920159678,Ishares,,,325
DAL,-3.2375512235921296e-05,3,0.00525114829540872,Delta Air Lines Inc Del,,,326
TWLO,-3.474274385357269e-05,3,0.004619789139503456,Twilio Inc,,,327
CVS,-3.8063242662906226e-05,3,0.006648563842029717,Cvs Health Corp,,,328
IXJ,-3.965320026818339e-05,6,0.003322350306961396,Ishares Tr,,,329
GME,-4.149746173215117e-05,3,0.005731682488937323,Gamestop Corp New,,,330
GUNR,-4.71738552293406e-05,6,0.007906475434447944,Flexshares Tr,,,331
BBAX,-4.772588183161758e-05,3,0.009110983490982107,J P Morgan Exchange Traded F,,,332
RTX,-5.416953129701116e-05,3,0.0071242358952538975,Rtx Corporation,,,333
EQT,-5.8907283458049266e-05,3,0.006330488559112692,Eqt Corp,,,334
SCHA,-6.12581721720995e-05,3,0.004825269843069723,Schwab Strategic Tr,,,335
ITOT,-6.781155486650019e-05,6,0.005381706404955083,Ishares Tr,,,336
JCPI,-6.870659775390535e-05,3,0.006543523293664109,J P Morgan Exchange Traded F,,,337
AGZ,-7.227280045987701e-05,3,0.00891779159009505,Ishares Tr,,,338
PLD,-7.832325473555031e-05,3,0.006462890862288087,Prologis Inc.,,,339
VWOB,-7.838382062436822e-05,3,0.014659867543677922,Vanguard Whitehall Fds Inc,,,340
EWC,-8.175782673779092e-05,9,0.006394125434685404,Ishares,,,341
FNCL,-8.380397701183952e-05,6,0.002981819085004329,Fidelity,,,342
KWEB,-9.44156577106451e-05,33,0.008403077355033432,Kraneshares Tr,,,343
VTIP,-9.719076118411534e-05,6,0.0063775688975767604,Vanguard Malvern Fds,,,344
C,-0.00011720577667802756,57,0.008095460883749066,Citigroup Inc,,,345
SPAB,-0.00012093921194274865,3,0.006730301616527402,Spdr Ser Tr,,,346
VST,-0.0001509748399706485,18,0.009074702050974902,Vistra Corp,,,347
IGHG,-0.00015779586968048303,3,0.007323663653764124,Proshares Tr,,,348
AAL,-0.00015904593491897816,3,0.007159079263770917,American Airls Group Inc,,,349
RWX,-0.0001618501864507998,9,0.006415345474108763,Spdr Index Shs Fds,,,350
IPAC,-0.00016194496527884955,9,0.004402361885638592,Ishares Tr,,,351
GDXJ,-0.00016261015921821467,33,0.014430906715768393,Vaneck Vectors Etf Tr,,,352
VSS,-0.00017834594696181896,12,0.009733548134107142,Vanguard Intl Equity Index F,,,353
VYMI,-0.00018994491055043052,9,0.007254504613371652,Vanguard Whitehall Fds Inc,,,354
UPRO,-0.00019251504796174724,3,0.0064317981240370895,Proshares Tr,,,355
TELFY,-0.00019521272640943613,9,0.00703031514212599,Telefonica S A,,,356
IWB,-0.0002157555084394053,6,0.005158154581883485,Ishares Tr,,,357
KSA,-0.00022846165088220507,3,0.005611706597829773,Ishares Tr,,,358
CCL,-0.000231435077683126,6,0.007476921359305287,Carnival Corp,,,359
VGIT,-0.00023684307157317407,3,0.00486410620227147,Vanguard Scottsdale Fds,,,360
SIRI,-0.00023911386222401593,3,0.004107189959792292,Sirius Xm Hldgs Inc,,,361
SONY,-0.00024004322231362766,6,0.003160200746858947,Sony Corp,,,362
TIP,-0.00024006950192856597,26,0.011622546050193801,Ishares,,,363
TLTD,-0.00024154513839776278,2,0.011317798546944993,Flexshares Tr,,,364
FAS,-0.00024404249939780114,9,0.009730318574537974,Direxion Shs Etf Tr,,,365
ICLN,-0.00024665138401057076,3,0.005839315774035883,Ishares Tr,,,366
AEP,-0.00025261700438557915,3,0.005854383487424677,American Elec Pwr Co Inc,,,367
VALE,-0.00027492967471096086,2,0.0184028198916886,Vale S A,,,368
STZ,-0.0003000156368802904,15,0.012086977967973644,Constellation Brands Inc,,,369
JNJ,-0.00030039126426737437,21,0.00764639718226164,Johnson & Johnson,,,370
BAB,-0.000309690892459605,3,0.006285267940805435,Invesco Exch Traded Fd Tr Ii,,,371
EUHY,-0.0003104350594327628,3,0.011797850997406495,Ishares,,,372
GOVT,-0.0003354498495966429,6,0.0065129501155318376,Ishares Tr,,,373
EMLC,-0.00037896124820236933,15,0.007418318613133249,Vaneck Vectors Etf Tr,,,374
KEYS,-0.0003873577913521258,3,0.008646205103864291,Keysight Technologies Inc,,,375
NOK,-0.00040793859025873907,3,0.015218379078885992,Nokia Corp,,,376
HWM,-0.0004270019510783428,3,0.0075363509041337816,Howmet Aerospace Inc,,,377
VPL,-0.0004363171900774243,3,0.008038407281535582,Vanguard Intl Equity Index F,,,378
AGG,-0.0004380648901919678,62,0.02799833514046149,Ishares,,,379
URA,-0.0004383149670360797,3,0.004949737730681323,Global X Fds,,,380
SHEL,-0.00044570219672745786,3,0.006210121670543837,Shell Plc,,,381
EBND,-0.00044869330254872046,3,0.011697325259982029,Spdr Ser Tr,,,382
FANG,-0.00045376218452604643,6,0.0087723092575196,Diamondback Energy Inc,,,383
EEMA,-0.00046624249594623787,3,0.006523107511373902,Ishares Inc,,,384
CMI,-0.00048056732038923196,6,0.0058682656330881966,Cummins Inc,,,385
IEV,-0.0004832150737160851,2,0.013237075366347141,Ishares,,,386
IGIB,-0.0004990956736298754,14,0.01631945937167437,Ishares,,,387
KMB,-0.0005028328563397994,3,0.011440353350039087,Kimberly Clark Corp,,,388
ELV,-0.0005105823135411885,3,0.007243669952480103,Anthem Inc,,,389
SPTI,-0.0005222055101198107,9,0.009414381384943693,Spdr Ser Tr,,,390
IFF,-0.0005268600687020372,3,0.005961401307897792,International Flavors&Fragra,,,391
CI,-0.0005617821308053034,3,0.006451383910563668,The Cigna Group,,,392
ALC,-0.0005681173704839466,3,0.006023840694916246,Alcon Inc,,,393
CSCO,-0.0005775892141810726,9,0.009326865375596398,Cisco Sys Inc,,,394
BMY,-0.0006064523270874781,9,0.005751935918914412,Bristol Myers Squibb Co,,,395
PGR,-0.0006201262193903112,6,0.006759704176589614,Progressive Corp,,,396
PAAS,-0.0006422501337608171,3,0.007349017886223389,Pan Amern Silver Corp,,,397
CLS,-0.0006481877211190496,6,0.01283186520355474,Celestica Inc,,,398
MET,-0.0006648939530022138,3,0.004947541904488164,Metlife Inc,,,399
SCHP,-0.0006857873106170369,9,0.007909839524109221,Schwab Strategic Tr,,,400
KRE,-0.0007058603663074824,9,0.006548935460379391,Spdr Series Trust,,,401
SPTL,-0.0007149749420066097,6,0.009576295689939455,Spdr Ser Tr,,,402
DG,-0.0007302106068749986,3,0.010180685628021257,Dollar Gen Corp New,,,403
ABBV,-0.0007558902332730996,3,0.0049694710063103815,Abbvie Inc,,,404
VOT,-0.0008000532552292553,3,0.008448758564627975,Vanguard Index Fds,,,405
ZROZ,-0.0008064386328375103,3,0.005346181403843687,Pimco Etf Tr,,,406
NGG,-0.0008649463057785751,18,0.012367506053491718,National Grid Plc,,,407
NKE,-0.000924186097450041,15,0.011224264108908477,Nike Inc,,,408
BHP,-0.0009248275772740764,6,0.0034776976581288774,Bhp Billiton Ltd,,,409
MGM,-0.0009475460630488256,5,0.007860945352533014,Mgm Resorts International,,,410
LUV,-0.0009646658952298518,6,0.00648801613799378,Southwest Airls Co,,,411
TCOM,-0.0009776034853373533,3,0.008424335909899206,Trip Com Group Ltd,,,412
VEA,-0.000980732818319206,38,0.01829314407574307,Vanguard Tax Managed Intl Fd,,,413
ESGD,-0.000984170529768793,3,0.0105071249916721,Ishares Tr,,,414
FEZ,-0.0009867890616347278,23,0.008044507621089632,Spdr Index Shs Fds,,,415
MRK,-0.0010351527245547909,9,0.00652639450513592,Merck & Co Inc,,,416
ISRG,-0.001037981312410765,3,0.008019424970983883,Intuitive Surgical Inc,,,417
CARR,-0.0010388702750022544,3,0.006247562130306376,Carrier Global Corporation,,,418
SNY,-0.0010401041289027845,3,0.009444032379969934,Sanofi,,,419
GD,-0.0010518836612711596,6,0.006615462368399491,General Dynamics Corp,,,420
NDAQ,-0.001053026569576779,3,0.02187592852249982,Nasdaq Inc,,,421
HEZU,-0.0011398951013488331,9,0.014242576871819842,Ishares Tr,,,422
IEF,-0.0011476468737931832,48,0.008774522065512434,Ishares Tr,,,423
QSR,-0.0011529258259881014,3,0.01104661594909631,Restaurant Brands Intl Inc,,,424
KVUE,-0.001154470385120465,9,0.00820849783781729,Kenvue Inc,,,425
ORCL,-0.0011793413677872355,32,0.01220326668833727,Oracle Corp,,,426
DOCU,-0.0011903963289694834,3,0.00685397410831214,Docusign Inc,,,427
IR,-0.0011978065533543763,6,0.007815748033094415,Ingersoll-Rand Plc,,,428
SOXX,-0.0012047088946124467,3,0.013070651645095554,Ishares Tr,,,429
ANGL,-0.001262887424633533,18,0.01615539900489442,Vaneck Vectors Etf Tr,,,430
MUB,-0.0012805862304040073,39,0.012566337537454805,Ishares Tr,,,431
TSLL,-0.001309648378847156,6,0.007169891692337033,Direxion Shs Etf Tr,,,432
BLV,-0.001315214423503607,15,0.008202682398407424,Vanguard Bd Index Fd Inc,,,433
SLV,-0.0013528267896964893,30,0.015025351155489407,Ishares Silver Trust,,,434
RY,-0.0013686036171401143,3,0.011332457959187367,Royal Bk Cda Montreal Que,,,435
SOLS,-0.0013754038049925512,3,0.005296151897843234,Solstice Advanced Matls Inc,,,436
ALB,-0.0013770849847881375,3,0.004407184981762132,Albemarle Corp,,,437
WDAY,-0.0014636247320348548,6,0.018906428608605346,Workday Inc,,,438
BAX,-0.0015033127810142638,3,0.005456377884089365,Baxter Intl Inc,,,439
FERG,-0.0015205845902180075,3,0.007772764683370824,Ferguson Enterprises Inc,,,440
TLT,-0.0015289485999540383,96,0.01945542961467988,Ishares,,,441
EWP,-0.001530802098188299,6,0.012517508603279666,Ishares,,,442
TDOC,-0.001584430432672514,3,0.005712083488556396,Teladoc Health Inc,,,443
AAXJ,-0.001595592687922112,39,0.011623824100635734,Ishares,,,444
TBT,-0.001595963335350062,14,0.006727495616859522,Proshares Tr,,,445
MELI,-0.0015999582409770468,3,0.00963100077161405,Mercadolibre Inc,,,446
AU,-0.0016735311049102634,6,0.006423783862522871,Anglogold Ashanti Ltd,,,447
SNDK,-0.0016996639710564684,3,0.02871228737690049,Sandisk Corp,,,448
CRWV,-0.0017012205337339245,15,0.024604553661187602,Coreweave Inc,,,449
ABNB,-0.0017525901824067137,9,0.011455120262299336,Airbnb Inc,,,450
ESGE,-0.0017624587453293164,12,0.013594808724957412,Ishares Inc,,,451
HCA,-0.0018385674619674855,3,0.007614382305936754,Hca Holdings Inc,,,452
PANW,-0.0019141663642511047,9,0.01195028072713656,Palo Alto Networks Inc,,,453
SCZ,-0.0019872136817474222,15,0.012233641042179026,Ishares Tr,,,454
FTI,-0.0019879473100751434,3,0.007774103781196337,Technipfmc Plc,,,455
FTCHQ,-0.00199515480211357,3,0.021451316420773994,Farfetch Ltd,,,456
CNQ,-0.002014552097643018,3,0.007222261434609314,Canadian Nat Res Ltd,,,457
SE,-0.0020764322179932836,3,0.003955194600557914,Sea Ltd,,,458
NVDL,-0.0021737632728225653,6,0.009981426183025032,Graniteshares Etf Tr,,,459
IBIT,-0.0021824788485907726,18,0.025322547797234973,Ishares Bitcoin Trust Etf,,,460
VGK,-0.002256942531757739,41,0.016380859200474326,Vanguard Intl Equity Index F,,,461
GM,-0.0022877116349845944,12,0.007029319610716063,General Mtrs Co,,,462
CVX,-0.0023647731700396006,21,0.00963900058451462,Chevron Corp New,,,463
JD,-0.0024820295280046896,27,0.007438539185255405,Jd.Com Inc,,,464
TMO,-0.0024824044570945537,6,0.008174426074573441,Thermo Fisher Scientific Inc,,,465
CRM,-0.0026147276441470615,39,0.00991309777916138,Salesforce Com Inc,,,466
GSG,-0.0026721773142080827,6,0.018494148153549512,Ishares S&P Gsci Commodity I,,,467
EWG,-0.0027012890878503003,24,0.01189503879919955,Ishares,,,468
EDV,-0.002775499886792894,3,0.019966468108508856,Vanguard World Fd,,,469
IBB,-0.0028224170210875902,30,0.011398445644117653,Ishares Tr,,,470
PYPL,-0.002864797678140329,15,0.009275832647651024,Paypal Hldgs Inc,,,471
GDX,-0.0028822125669198916,69,0.03004506069088836,Vaneck Vectors Etf Tr,,,472
IQ,-0.0028977010703548907,3,0.0077565860073302755,Iqiyi Inc,,,473
BSBR,-0.002947230888018915,6,0.009466376448750702,Banco Santander Brasil S A,,,474
DJT,-0.0029627261464894618,3,0.008382088930894973,Trump Media & Technology Gro,,,475
CRWD,-0.0030326409022515266,15,0.012216380565098344,Crowdstrike Hldgs Inc,,,476
ARKB,-0.003139558651435964,18,0.011176286174758292,Ark 21Shares Bitcoin Etf,,,477
ALNY,-0.003190138979693593,3,0.010547842035960422,Alnylam Pharmaceuticals Inc,,,478
SAN,-0.0032073578059493377,9,0.0071807502893510644,Banco Santander Sa,,,479
NVS,-0.0032332270059750347,3,0.02298690229461516,Novartis A G,,,480
BCS,-0.0032373702069239995,33,0.01217777052993203,Barclays Plc,,,481
TMUS,-0.0033086447438082254,15,0.021477203981751476,T-Mobile Us Inc,,,482
BYND,-0.003353745314965839,3,0.0052658391341001256,Beyond Meat Inc,,,483
GS,-0.0035169373594617394,27,0.009217977516372836,Goldman Sachs Group Inc,,,484
UPST,-0.003560244765020829,3,0.003769390702575815,Upstart Hldgs Inc,,,485
FISV,-0.0037023828864713652,9,0.007455548803487602,Fiserv Inc,,,486
IVV,-0.003801785220328071,21,0.019762777741074437,Ishares Tr,,,487
TTE,-0.0038366063621220066,12,0.01791912585016669,Total S A,,,488
SOFI,-0.004087362159797266,12,0.008033751167604356,Sofi Technologies Inc,,,489
ROKU,-0.004167030912572023,9,0.007761843220197428,Roku Inc,,,490
BKR,-0.004197042252727098,3,0.023250401625369104,Baker Hughes A Ge Co,,,491
AFRM,-0.0043870803227757955,3,0.005003968085243852,Affirm Hldgs Inc,,,492
ILF,-0.004538507208762663,18,0.007138900838009058,Ishares,,,493
WMB,-0.004571038900601459,3,0.0062992661525644094,Williams Cos Inc Del,,,494
TAN,-0.00471500931508357,9,0.007477856430679321,Invesco Exch Traded Fd Tr Ii,,,495
VWO,-0.00478870872440444,78,0.03264567291369697,Vanguard Intl Equity Index F,,,496
PSO,-0.0047941478637430176,15,0.009500944323669429,Pearson Plc,,,497
TEVA,-0.004849237321750516,14,0.011809355627710334,Teva Pharmaceutical Inds Ltd,,,498
NIO,-0.005072263937186211,12,0.013180874199705268,Nio Inc,,,499
BSX,-0.005128515877021092,9,0.007043383643217951,Boston Scientific Corp,,,500
VEU,-0.005131415484510911,36,0.015867204871918388,Vanguard Intl Equity Index F,,,501
ZM,-0.005220186778634486,12,0.006763338336856363,Zoom Video Communications In,,,502
XYZ,-0.005240119115617228,15,0.007603687390067464,Square Inc,,,503
EWY,-0.0052564872573651,56,0.010994774410586968,Ishares,,,504
GPRO,-0.005668725370367549,3,0.010033052607964865,Gopro Inc,,,505
BTI,-0.00567286568662463,18,0.01372874566939225,British Amern Tob Plc,,,506
SMCI,-0.006760058202997694,15,0.008207426297148488,Super Micro Computer Inc,,,507
ETHA,-0.006802183730288221,3,0.017941749926655204,Ishares Ethereum Tr,,,508
GE,-0.006826281671925555,21,0.013576490504604714,General Electric Co,,,509
SLB,-0.007094545872144707,11,0.024006205654726387,Schlumberger Ltd,,,510
ADBE,-0.007424342390331457,21,0.008712682132495705,Adobe Inc,,,511
VIPS,-0.0077413319927219755,3,0.018577355795013916,Vipshop Holdings Limited,,,512
XBI,-0.00833993968230284,12,0.009296601432883569,Spdr Series Trust,,,513
DDD,-0.009577851096510825,3,0.024078243951605644,3-D Sys Corp Del,,,514
EWZ,-0.012627503595799665,29,0.013960307934288757,Ishares,,,515
TME,-0.012946148490335508,3,0.026496902790947557,Tencent Music Entmt Group,,,516
BIDU,-0.01563749452433461,24,0.020170083368490955,Baidu Inc,,,517
WT,-0.022204062686028564,59,0.02835429446751537,Wisdomtree Tr,,,518
