ticker,contribution,active,months_held,avg_weight_when_held,first_held,last_held,name,share_of_outperformance,cum_share_of_outperformance,rank
NVDA,0.3811265975760509,0.2613359077246928,34,0.24479481855511226,2023-11-30,2026-08-31,Nvidia Corporation,0.2624258774462325,0.2624258774462325,1
AMD,0.1920223612642274,0.1698328624585173,46,0.03054233252968792,2021-11-30,2026-08-31,Advanced Micro Devices Inc,0.17054119480906904,0.43296707225530157,2
AAPL,0.11183559851947837,0.09777149203626313,41,0.14043552466212092,2021-03-31,2026-08-31,Apple Inc,0.09817927360320171,0.5311463458585033,3
SNDK,0.05074345397638304,0.04897151701185671,6,0.02834759666017858,2026-03-31,2026-08-31,Sandisk Corp,0.04917576552567756,0.5803221113841809,4
META,0.05822159447418262,0.03993958888365958,39,0.052755531073708985,2021-08-31,2026-08-31,Facebook Inc,0.040106167380097174,0.6204282787642781,5
SOXL,0.04185687471334892,0.039451154559486834,21,0.01762284333442076,2022-11-30,2026-08-31,Direxion Shs Etf Tr,0.039615695912889076,0.6600439746771671,6
SMCI,0.03668507611067212,0.02540355307803006,29,0.020091552846912875,2023-11-30,2026-08-31,Super Micro Computer Inc,0.025509505237133086,0.6855534799143003,7
MU,0.024318308719433045,0.024130186031992726,4,0.03467396862997574,2026-03-31,2026-08-31,Micron Technology Inc,0.024230827280946925,0.7097843071952472,8
AMZN,0.026935600873628993,0.02282235691199555,46,0.08701984087081174,2021-01-31,2026-08-31,Amazon Com Inc,0.02291754351771241,0.7327018507129596,9
WDC,0.025784607590210836,0.022097343539823115,3,0.032406852014011764,2026-03-31,2026-05-31,Western Digital Corp,0.022189506287738497,0.7548913570006981,10
AMLX,0.0164171309709302,0.016839256602707096,7,0.033000305686783374,2022-08-31,2023-02-28,Amylyx Pharmaceuticals Inc,0.01690948912448334,0.7718008461251814,11
SMH,0.02033139929500668,0.016683423020157833,9,0.07421134477787081,2024-11-30,2025-10-31,Vaneck Etf Trust,0.016753005597240075,0.7885538517224214,12
QQQ,0.04630602901352068,0.015952100555250905,38,0.06406903810566458,2021-01-31,2026-05-31,Invesco Qqq Tr,0.0160186329608111,0.8045724846832325,13
TSLA,0.09382043360951595,0.012909934334394982,53,0.11600373803254449,2021-05-31,2026-08-31,Tesla Mtrs Inc,0.01296377859044869,0.8175362632736812,14
AVGO,0.02545732119561678,0.012673807311055973,13,0.06066618116941507,2025-06-30,2026-08-31,Broadcom Inc,0.012726666737630572,0.8302629300113118,15
SPY,0.1950045859715143,0.011671834605735225,50,0.26561701492322526,2021-03-31,2026-07-31,Spdr S&P 500 Etf Tr,0.011720515043206807,0.8419834450545186,16
BRBR,0.009899387006370356,0.00975628402349106,10,0.024791007618200803,2022-05-31,2023-02-28,Bellring Brands Inc,0.009796975156496593,0.8517804202110152,17
KRBN,0.009541325439715788,0.009447037815693619,25,0.03113204478687581,2021-11-30,2024-02-29,Kraneshares Tr,0.009486439156546459,0.8612668593675616,18
AVL,0.009936484007084159,0.008425253031712682,7,0.006286365718137944,2025-11-30,2026-05-31,Direxion Shs Etf Tr,0.008460392752009181,0.8697272521195708,19
AEHR,0.00810520935434013,0.008127730381093714,7,0.011446511145200112,2021-11-30,2023-02-28,Aehr Test Sys,0.008161629205397503,0.8778888813249683,20
POST,0.007197715144363973,0.006353300006293133,10,0.048318948774860516,2022-05-31,2023-02-28,Post Hldgs Inc,0.006379798104847629,0.884268679429816,21
SNXX,0.006190683983951411,0.006207513292817121,3,0.005694295816603107,2026-06-30,2026-08-31,Investment Managers Ser Tr I Tradr 2X,0.006233403349771536,0.8905020827795875,22
UCO,0.0072749188826756375,0.005471189872902833,21,0.0029964109655250715,2023-06-30,2026-08-31,Proshares Tr Ii,0.0054940089005449935,0.8959960916801325,23
PBT,0.004235613733944031,0.005414990102134914,13,0.007886989404701,2022-02-28,2023-02-28,Permian Basin Rty Tr,0.005437574733941355,0.9014336664140739,24
BITO,0.005736525061679709,0.004800049612480343,20,0.004511012339781981,2022-11-30,2025-05-31,Proshares Tr,0.004820069474217077,0.906253735888291,25
GE,0.004491412830732801,0.0036459813630282277,20,0.0053058025145409134,2022-11-30,2026-05-31,General Electric Co,0.00366118788143436,0.9099149237697253,26
HUT,0.003783145184913507,0.0034392869779743406,12,0.001146681711913358,2025-06-30,2026-05-31,Hut 8 Corp,0.0034536314234136067,0.9133685551931389,27
GEV,0.0036603948408563468,0.0031387431989188495,16,0.0027021076894679853,2024-09-30,2026-05-31,Ge Vernova Inc,0.0031518341479594776,0.9165203893410984,28
MUU,0.003046816071823679,0.0030777411839883247,7,0.0028828774531616955,2025-11-30,2026-08-31,Direxion Shs Etf Tr,0.0030905777081785524,0.9196109670492769,29
DRAM,0.0028683711379580926,0.0028683711379580926,1,0.022125542689382865,2026-08-31,2026-08-31,Roundhill,0.002880334429637881,0.9224913014789148,30
OXY,0.0024846300024505097,0.002594591100749782,9,0.007072337017159754,2022-05-31,2023-05-31,Occidental Pete Corp,0.0026054125212128776,0.9250967140001276,31
BBIO,0.0029879493093193125,0.002580054605223762,15,0.0014131763658607026,2023-06-30,2024-08-31,Bridgebio Pharma Inc,0.0025908153974321395,0.9276875293975597,32
TGTX,0.0023372519890349735,0.0021612104499551437,3,0.004277557839905868,2023-03-31,2023-05-31,Tg Therapeutics Inc,0.0021702243431198287,0.9298577537406796,33
UAN,0.002367214849180715,0.002131020379956668,6,0.004253909866704905,2021-08-31,2022-01-31,Cvr Partners Lp,0.0021399083575421433,0.9319976620982218,34
SKIN,0.002347154021704558,0.0020689717606286184,3,0.005409366679095237,2021-08-31,2021-10-31,The Beauty Health Company,0.00207760094822645,0.9340752630464482,35
DAX,0.002253067203886871,0.0018761280922641294,4,0.009962719080821556,2022-11-30,2023-02-28,Global X Fds,0.0018839529749298985,0.9359592160213781,36
HSBC,0.002008225479042761,0.0018352952683736812,4,0.0048518344341646315,2022-11-30,2023-02-28,Hsbc Hldgs Plc,0.0018429498470729077,0.937802165868451,37
HAPN,0.001971695958416881,0.0018142120877803047,3,0.003592263008213766,2021-05-31,2021-07-31,Lendingclub Corp,0.001821778733563306,0.9396239446020143,38
PRVA,0.0018534712308344535,0.001744275040427597,3,0.0031023157343155056,2022-05-31,2022-07-31,Privia Health Group Inc,0.0017515499954716869,0.9413754945974859,39
BKCH,0.002288181444922962,0.001715223178227586,5,0.003736691175302031,2026-03-31,2026-07-31,Global X Fds Gbl,0.0017223769648856396,0.9430978715623716,40
NVDL,0.0016373636407419146,0.0015250917313999694,12,0.006040976636282342,2024-09-30,2025-08-31,Graniteshares Etf Tr,0.0015314525251549085,0.9446293240875265,41
COHR,0.0019246971056285289,0.0015162596321059744,7,0.005725394063235005,2022-11-30,2023-05-31,Coherent Corp,0.0015225835892819224,0.9461519076768085,42
AGNT,0.0020412014865494295,0.0014279858527220211,4,0.005715932555815959,2021-01-31,2021-04-30,Exp World Hldgs Inc,0.001433941641024537,0.947585849317833,43
IWM,0.02817414004443706,0.0014081416744586282,34,0.03347619886557579,2021-11-30,2026-07-31,Ishares Tr,0.001414014697428036,0.948999864015261,44
AVUV,0.002318598276128526,0.0013914854660098536,5,0.017387775798434573,2023-06-30,2023-10-31,American Centy Etf Tr,0.0013972890199076635,0.9503971530351687,45
NRP,0.0010354315752140527,0.0013517058058743702,6,0.0021286245232059564,2021-11-30,2022-04-30,Natural Resource Partners L,0.0013573434483003953,0.9517544964834691,46
QBTS,0.0015757025293714998,0.0013376634717799183,3,0.0025762826381738988,2026-03-31,2026-05-31,D-Wave Quantum Inc,0.0013432425469806588,0.9530977390304498,47
WT,0.0017181814092053565,0.0011993260032032264,8,0.002396964552039688,2021-03-31,2025-05-31,Wisdomtree Tr,0.001204328105827118,0.954302067136277,48
SB,0.0011766104202659841,0.0010766878947303879,4,0.002566049645070417,2022-11-30,2023-02-28,Safe Bulkers Inc,0.0010811785030628669,0.9553832456393399,49
AIV,0.001317269600498172,0.0010412503436045802,2,0.0033024830133452808,2021-03-31,2021-04-30,Apartment Invt & Mgmt Co,0.0010455931503660124,0.9564288387897059,50
ROBN,0.0011389006825521276,0.0010081896633511917,3,0.0015041628660160914,2025-06-30,2025-08-31,Etf Opportunities Trust,0.0010123945819029117,0.9574412333716088,51
SPRY,0.0008217870752568609,0.0009732827872758577,3,0.0038995465840590098,2022-08-31,2022-10-31,Silverback Therapeutics Inc,0.0009773421175755578,0.9584185754891844,52
HG,0.0038692979861086455,0.0009696988453118936,5,0.02416311580162334,2024-09-30,2025-01-31,Hamilton Insurance Group Ltd,0.0009737432278447197,0.9593923187170291,53
URA,0.0009201738163391857,0.0009415432518625185,3,0.0041966428313460966,2026-06-30,2026-08-31,Global X Fds Global,0.000945470204132435,0.9603377889211615,54
VRT,0.0011990463712815758,0.0009135074983023478,9,0.0013068204627963835,2025-09-30,2026-05-31,Vertiv Holdings Co,0.0009173175201329413,0.9612551064412944,55
UNHG,0.0012633917544306748,0.0009081521103963661,7,0.002317922808035939,2025-11-30,2026-05-31,Themes Etf Tr,0.0009119397961816934,0.9621670462374761,56
SPTM,0.005181119524035656,0.0008945353698307443,18,0.0172292220577285,2021-03-31,2024-08-31,Spdr Ser Tr,0.0008982662634398575,0.9630653125009159,57
MYPS,0.0006360779098984889,0.0008909381895066725,6,0.0021716442383841942,2021-11-30,2022-04-30,Playstudios Inc,0.00089465408013487,0.9639599665810508,58
AMRC,0.0015989793956448278,0.0008808048873222924,5,0.006301065280138657,2021-03-31,2021-07-31,Ameresco Inc,0.0008844785143646845,0.9648444450954154,59
VGT,0.0016670727780018794,0.0008799441783008935,19,0.003174219375771597,2021-01-31,2026-08-31,Vanguard World Fds,0.0008836142155313055,0.9657280593109467,60
SCHW,0.0016504122940771968,0.0008392612945611776,5,0.0048324993235814165,2021-03-31,2021-10-31,Schwab Charles Corp,0.0008427616531896428,0.9665708209641364,61
CAE,0.0008848256716143154,0.0008342317421629425,6,0.004542503879021712,2022-02-28,2022-07-31,Cae Inc,0.0008377111237283065,0.9674085320878647,62
PTIR,0.0008927703613762926,0.0008284004231773688,7,0.0007159048196842792,2025-02-28,2025-08-31,Graniteshares Etf Tr,0.0008318554837024812,0.9682403875715672,63
CORT,0.0008837840879823246,0.0008109891135491148,3,0.0026516869096179355,2022-05-31,2022-07-31,Corcept Therapeutics Inc,0.000814371555655762,0.9690547591272229,64
CELH,0.0009224988307726498,0.0007754949699628395,2,0.0051825129215955406,2021-01-31,2021-02-28,Celsius Hldgs Inc,0.0007787293744647892,0.9698334885016877,65
HTZ,0.0005135825887067461,0.0007633953553093798,6,0.0035521523887882024,2022-02-28,2022-07-31,Hertz Global Hldgs Inc,0.0007665792952053388,0.970600067796893,66
HUYA,0.0008968811733343282,0.0007334257177460345,3,0.001705139471878417,2025-06-30,2025-08-31,Huya Inc,0.0007364846614338796,0.9713365524583268,67
NSSC,0.0005193803142123686,0.0007305463264719046,3,0.005879339913623521,2022-08-31,2022-10-31,Napco Sec Technologies Inc,0.0007335932609057111,0.9720701457192326,68
PPLT,0.0012712437173771048,0.0007254421481498147,2,0.00911691684633354,2025-09-30,2025-10-31,Abrdn Platinum Etf Trust,0.0007284677942735958,0.9727986135135062,69
SQQQ,0.0006782221797304952,0.0007172070274171486,2,0.003766776829897954,2026-06-30,2026-07-31,Proshares,0.0007201983268170908,0.9735188118403233,70
AIA,0.0010278745933598203,0.0006759920195759289,2,0.0123284147800138,2021-01-31,2021-02-28,Ishares Tr,0.0006788114210112512,0.9741976232613345,71
DOG,0.0003021186481130322,0.0006640331834668863,2,0.004907294347642422,2023-09-30,2023-10-31,Proshares Tr,0.0006668027074499395,0.9748644259687844,72
GDX,0.000833157056956348,0.0006501972681186235,6,0.0011655839256486985,2025-06-30,2026-08-31,Vaneck Etf Trust,0.000652909085799735,0.9755173350545842,73
SMBK,0.0009797936778100928,0.0006393945504351172,4,0.0034245629448428805,2021-01-31,2021-04-30,Smartfinancial Inc,0.0006420613125580857,0.9761593963671422,74
CEE,0.000736427077208235,0.0006385949866276617,4,0.0023736805961866955,2022-11-30,2023-02-28,Central & Eastern Europe Fd,0.0006412584139607493,0.976800654781103,75
IVV,0.002252295804112953,0.000629454637830126,17,0.016226027245630575,2023-03-31,2026-08-31,Ishares Tr,0.0006320799429490856,0.9774327347240521,76
TGLS,0.0003620735414293796,0.0005773199684787399,6,0.005573864509483016,2022-02-28,2022-07-31,Tecnoglass Inc,0.0005797278323301361,0.9780124625563823,77
PALL,0.0007956182167910194,0.0005763890444197394,5,0.0014287254084784935,2025-06-30,2025-10-31,Abrdn Palladium Etf Trust,0.0005787930256089856,0.9785912555819913,78
BNO,0.000896520084675413,0.0005527787728907198,21,0.0013935478444212258,2022-05-31,2026-08-31,United Sts Brent Oil Fd Lp,0.0005550842812703623,0.9791463398632617,79
GME,0.0007313478707286704,0.0005061387053173789,18,0.0007065666571795769,2023-11-30,2026-02-28,Gamestop Corp New,0.0005082496891025709,0.9796545895523643,80
INMB,0.000642208662033537,0.0004972132996323333,3,0.0037146681164040643,2021-08-31,2021-10-31,Inmune Bio Inc,0.0004992870576798383,0.9801538766100442,81
ASTS,0.0007112539655736431,0.000496886349094971,3,0.0019238602034823314,2026-03-31,2026-05-31,Ast Spacemobile Inc Com,0.0004989587435097887,0.980652835353554,82
PRPL,0.0005659512846978949,0.0004929419526019951,4,0.002729099097149867,2022-11-30,2023-02-28,Purple Innovation Inc,0.0004949978958800955,0.9811478332494341,83
DYN,0.0005623456694516038,0.00048418457631071017,7,0.00035397389903407857,2023-11-30,2024-05-31,Dyne Therapeutics Inc,0.0004862039946616364,0.9816340372440957,84
CRCL,0.0007849613786895679,0.0004706254034722438,3,0.0026241736342396405,2026-03-31,2026-05-31,Circle Internet Group Inc Com,0.0004725882697482113,0.9821066255138439,85
AAPU,0.0007907253681882176,0.0004601867030221285,15,0.0016340375481174675,2024-09-30,2026-08-31,Direxion Shs Etf Tr,0.0004621060319689861,0.9825687315458128,86
CLPR,8.735749267960893e-05,0.0004577698259634156,6,0.002634600099700724,2021-11-30,2022-04-30,Clipper Rlty Inc,0.00045967907469268043,0.9830284106205055,87
VOO,0.004260149326763504,0.00042295453138607286,36,0.008469758108636283,2023-03-31,2026-02-28,Vanguard Index Fds,0.0004247185738278964,0.9834531291943334,88
PPC,0.0004671906648042363,0.00041780843670303456,3,0.005041535898649286,2022-05-31,2022-07-31,Pilgrims Pride Corp,0.0004195510160116916,0.983872680210345,89
HYFM,0.0005482592361747189,0.00041760058709722973,3,0.0016660527950207976,2023-06-30,2023-08-31,Hydrofarm Hldgs Group Inc,0.00041934229951476977,0.9842920225098598,90
IYW,0.0011385598915308291,0.0004163197558960894,5,0.00719390354395727,2021-03-31,2026-08-31,Ishares Tr,0.00041805612627227046,0.9847100786361321,91
NMG,0.0004984477080973012,0.0004138998722252783,4,0.0025475863933394818,2022-11-30,2023-02-28,Nouveau Monde Graphite Inc,0.0004156261498440048,0.9851257047859762,92
NVDX,0.0010065702459822092,0.00039957494545592273,24,0.0015035984403384782,2024-06-30,2026-05-31,Etf Opportunities Trust,0.00040124147722273853,0.9855269462631989,93
ZDGE,0.0005346914070346411,0.0003882103815459224,3,0.0034146155353511226,2021-05-31,2021-07-31,Zedge Inc,0.0003898295144280298,0.9859167757776269,94
USL,0.0006388710765148865,0.00038556641157379794,3,0.0030405525569284614,2023-06-30,2023-08-31,United Sts 12 Month Oil Fd L,0.0003871745170879506,0.9863039502947148,95
LBRT,0.0004374600895431275,0.0003585138878915295,6,0.002103523887007233,2021-08-31,2022-01-31,Liberty Oilfield Svcs Inc,0.0003600091637836006,0.9866639594584985,96
FTEC,0.0006720474141372959,0.0003573399914274019,6,0.0025208290162293027,2023-03-31,2023-08-31,Fidelity Covington Trust,0.0003588303712773896,0.9870227898297759,97
RDN,0.0006927814907283295,0.0003559744921626113,4,0.0027270543252689967,2021-01-31,2021-04-30,Radian Group Inc,0.0003574591768409467,0.9873802490066168,98
GRN,-2.210008330833131e-05,0.00033168961242793847,18,0.008904953316943905,2021-08-31,2023-08-31,Barclays Bk Plc,0.00033307301066679267,0.9877133220172836,99
CRAK,0.00031112282213832573,0.00031112282213832573,1,0.0027854830336308286,2026-08-31,2026-08-31,Vaneck Etf Trust,0.00031242044120171144,0.9880257424584853,100
JETS,0.00041657934101778474,0.0003014577111866204,4,0.003125158737984222,2022-11-30,2023-02-28,Etf Ser Solutions,0.00030271501937813083,0.9883284574778635,101
UEC,6.769072353801924e-05,0.00028818137488799455,6,0.003331795312604549,2022-05-31,2022-10-31,Uranium Energy Corp,0.0002893833106482748,0.9886178407885118,102
ALGM,0.0003956337008825105,0.00028255438345808263,3,0.0019842044164575393,2021-08-31,2021-10-31,Allegro Microsystems Inc,0.0002837328503795976,0.9889015736388914,103
HOOW,0.00047611575991035485,0.00028192866975016736,3,0.001939726767492249,2026-03-31,2026-05-31,Roundhill Etf Trust,0.0002831045269690895,0.9891846781658605,104
GRPN,0.00039161943833559206,0.0002801378963262547,6,0.0009784058271491626,2023-09-30,2024-02-29,Groupon Inc,0.00028130628465646885,0.989465984450517,105
HOOD,0.00033533330803334796,0.0002796672758203359,2,0.0009503240952635281,2025-09-30,2025-10-31,Robinhood Mkts Inc,0.0002808337013047006,0.9897468181518218,106
SGDJ,0.00037591961469909913,0.0002751602191737992,2,0.0017001627330479128,2025-09-30,2025-10-31,Sprott Etf Trust,0.0002763078468001858,0.990023125998622,107
IVES,0.0005051912872003525,0.0002725763552629265,7,0.0016650474172298167,2025-11-30,2026-05-31,Wedbush Ser Tr,0.0002737132062093997,0.9902968392048314,108
AGIX,0.00026177177362829727,0.00026177177362829727,1,0.0038980027998633342,2026-08-31,2026-08-31,Kraneshares,0.00026286356124253195,0.9905597027660739,109
BMA,0.0003874871189220089,0.0002601857107464011,3,0.0027588719095426027,2021-08-31,2021-10-31,Banco Macro Sa,0.00026127088327075864,0.9908209736493446,110
NASA,0.00025294886283056683,0.00025294886283056683,1,0.003334607720709161,2026-08-31,2026-08-31,Tema,0.00025400385218883625,0.9910749775015335,111
IVW,0.0005624391490136036,0.0002513172110175945,8,0.002553209930789447,2023-03-31,2024-10-31,Ishares Tr,0.00025236539514543184,0.9913273428966789,112
BCI,0.00016763096647920745,0.0002492513545154197,3,0.000912871496360673,2022-02-28,2022-04-30,Abrdn Etfs,0.000250290922448659,0.9915776338191276,113
OMER,0.0003586288008030909,0.00024733112060426935,4,0.0019406713512027302,2022-11-30,2023-02-28,Omeros Corp,0.0002483626796999951,0.9918259964988275,114
VEA,0.0002160883237916236,0.00024064062250373698,4,0.0018337742908597588,2025-02-28,2025-05-31,Vanguard Tax-Managed Fds,0.00024164427712810592,0.9920676407759557,115
XHE,0.00047790641469259163,0.00023973423356191223,2,0.008478947111481325,2021-01-31,2021-02-28,Spdr Ser Tr,0.00024073410785425132,0.99230837488381,116
HCC,0.00014583033641803157,0.00022801113963289942,3,0.0016068528215952619,2021-11-30,2022-01-31,Warrior Met Coal Inc,0.000228962119697359,0.9925373370035073,117
NVGS,0.00037801522067606726,0.0002260818287613322,4,0.003338386855317437,2022-11-30,2023-02-28,Navigator Hldgs Ltd,0.00022702476213044189,0.9927643617656378,118
RAM,0.0002214173044406738,0.0002214173044406738,1,0.0010555232884657463,2026-08-31,2026-08-31,Etf,0.00022234078319170527,0.9929867025488295,119
LABU,0.00020090966243182357,0.00021938508633132534,2,0.0019936690981476003,2026-06-30,2026-07-31,Direxion Shares Etf Trust Daily,0.0002203000891854698,0.993207002638015,120
PATK,0.00021129521417626718,0.00020641755629557945,4,0.0011545687835648214,2025-11-30,2026-02-28,Patrick Inds Inc,0.00020727847467574105,0.9934142811126907,121
IGV,0.00019631611756642652,0.00019631611756642652,1,0.0012056868129328613,2026-08-31,2026-08-31,Ishares,0.00019713490525565235,0.9936114160179463,122
IWF,0.00038801534696766225,0.0001899068975768591,8,0.00991367350103865,2022-05-31,2024-10-31,Ishares Tr,0.0001906989539386216,0.993802114971885,123
BWEN,0.00033886123889186417,0.00018117576380564864,3,0.0017293092581408015,2023-06-30,2023-08-31,Broadwind Inc,0.0001819314046915273,0.9939840463765766,124
CLS,0.0002619296878076499,0.0001793330194956173,4,0.00039254036943488376,2023-11-30,2024-02-29,Celestica Inc,0.00018008097473462117,0.9941641273513112,125
GDXJ,0.0002967774955168764,0.00017345085500092226,9,0.0007658825904373211,2024-11-30,2025-10-31,Vaneck Etf Trust,0.0001741742771351869,0.9943383016284464,126
XLE,0.00014068502057731723,0.00017318219868240657,5,0.0009360827357576262,2021-11-30,2024-10-31,Select Sector Spdr Tr,0.00017390450031526275,0.9945122061287617,127
QTUM,0.00017343166176177552,0.0001657993012218947,6,0.0010544699154223785,2025-02-28,2025-10-31,Etf Ser Solutions,0.00016649081055085645,0.9946786969393125,128
SARK,0.00016948080469693486,0.00016275429851633243,4,0.0011681554297911939,2025-11-30,2026-02-28,Investment Managers Ser Tr I,0.00016343310786548672,0.994842130047178,129
KRE,0.0003579176035266321,0.00016091644324949905,3,0.0024346619658286214,2023-06-30,2023-08-31,Spdr Ser Tr,0.00016158758734281128,0.9950037176345209,130
CCJ,-9.034597159886574e-05,0.00015878995377991843,10,0.006839766230116588,2022-05-31,2023-02-28,Cameco Corp,0.0001594522287929914,0.9951631698633139,131
GGLL,0.0001678632369412446,0.0001544831844253795,10,0.0012897631666544357,2025-02-28,2026-02-28,Direxion Shs Etf Tr,0.0001551274969309847,0.9953182973602449,132
ARGT,0.00039620010915199266,0.00015354982383181833,14,0.0013025462810060673,2024-09-30,2025-10-31,Global X Fds,0.00015419024351306915,0.995472487603758,133
VOOG,8.144622902848454e-05,0.00015082142334374416,7,0.003393627405679499,2025-02-28,2025-08-31,Vanguard Admiral Fds Inc,0.00015145046351750164,0.9956239380672754,134
PEJ,0.0007539285752841134,0.00014975890676777274,6,0.006397309232181725,2021-05-31,2021-10-31,Invesco Exchange Traded Fd T,0.00015038351543838728,0.9957743215827138,135
BIIB,0.0002938689538382954,0.00014723053647312304,3,0.0033588839930202476,2023-03-31,2023-05-31,Biogen Idec Inc,0.00014784459991445774,0.9959221661826283,136
MDRX,0.00015765238471420858,0.00014559952074297283,3,0.00032077787107904067,2024-03-31,2024-05-31,Veradigm Inc,0.00014620678160682518,0.9960683729642351,137
GRWG,0.00018516657005723819,0.00014441794028821316,2,0.0014281367024810525,2021-01-31,2021-02-28,Growgeneration Corp,0.00014502027306189045,0.996213393237297,138
IGM,0.00032357265740707474,0.0001441710130478098,5,0.0009045185515842737,2023-11-30,2026-08-31,Ishares Tr,0.00014477231594687932,0.9963581655532439,139
FNGG,0.00039824126947352143,0.0001374349497285247,9,0.002021242973415013,2024-09-30,2026-05-31,Direxion Shs Etf Tr,0.00013800815811458098,0.9964961737113585,140
KRP,0.00026068231752688655,0.0001302732053592265,3,0.0028338397714899647,2021-05-31,2021-07-31,Kimbell Rty Partners Lp,0.00013081654381816903,0.9966269902551766,141
MX,-3.1530730672734954e-05,0.0001275117014369623,6,0.0012195479528488392,2021-11-30,2022-04-30,Magnachip Semiconductor Corp,0.0001280435223218853,0.9967550337774985,142
TH,0.00039576889900573087,0.00011299090041531792,7,0.00312613590741537,2022-11-30,2023-05-31,Target Hospitality Corp,0.00011346215850355564,0.9968684959360021,143
VVV,5.06297868558556e-05,0.00011266682883724925,6,0.004310740612457772,2022-08-31,2023-05-31,Valvoline Inc,0.00011313673530025192,0.9969816326713024,144
SPXU,8.37281419846244e-05,0.00010906433380984969,2,0.0024853353877755573,2026-06-30,2026-07-31,Proshares,0.00010951921512557715,0.9970911518864279,145
BE,0.00014539220940104337,0.00010534873311372512,6,0.0012134983537185771,2021-08-31,2022-01-31,Bloom Energy Corp,0.0001057881175454179,0.9971969400039734,146
PSQ,9.224228731070786e-05,0.00010512561733470429,2,0.0012545099327579555,2026-06-30,2026-07-31,Proshares,0.00010556407120371379,0.9973025040751772,147
ET,0.00010613667090315316,0.00010433480871543387,3,0.0024893501882761702,2022-05-31,2022-07-31,Energy Transfer L P,0.0001047699643103637,0.9974072740394876,148
INSM,0.00013010627124668563,0.00010371005198765959,3,0.0003858194759493335,2024-06-30,2024-08-31,Insmed Inc,0.00010414260187133246,0.9975114166413589,149
RBLX,0.0001974702904021788,9.428476791375321e-05,3,0.0020627836745379003,2021-08-31,2021-10-31,Roblox Corp,9.467800718624023e-05,0.9976060946485451,150
UGA,9.044912659196853e-05,9.044912659196853e-05,1,0.000946545356433165,2026-08-31,2026-08-31,United Sts Gasoline Fd Lp,9.082636831961056e-05,0.9976969210168647,151
ARKB,6.960635054403702e-05,8.391365425242508e-05,4,0.0012076355187905017,2025-02-28,2025-05-31,Ark 21Shares Bitcoin Etf,8.426363808417334e-05,0.9977811846549489,152
PLTY,0.00011017888134332677,7.958711061669866e-05,2,0.0005098767512791225,2025-09-30,2025-10-31,Tidal Tr Ii,7.991904946717006e-05,0.997861103704416,153
GNK,0.00015930304148929704,7.781060200468075e-05,5,0.001324940178811331,2023-06-30,2023-10-31,Genco Shipping & Trading Ltd,7.813513146157125e-05,0.9979392388358777,154
ITA,4.769664995222796e-05,7.721678305833591e-05,2,0.002896187435052676,2026-06-30,2026-07-31,Ishares Tr Us Aer,7.753883583807466e-05,0.9980167776717157,155
OSG,0.00021153735479102051,7.458223662491344e-05,7,0.0004699342649122415,2023-11-30,2024-05-31,Ambac Finl Group Inc,7.489330134002908e-05,0.9980916709730557,156
IAT,0.00024063428852596466,7.214622865825101e-05,3,0.002049472176132748,2023-06-30,2023-08-31,Ishares Tr,7.244713336532102e-05,0.998164118106421,157
RSPU,-6.79645882199926e-05,7.06225931408083e-05,2,0.001854089997076421,2023-09-30,2023-10-31,Invesco Exchange Traded Fd T,7.091714312764437e-05,0.9982350352495487,158
FDX,6.934130337851223e-05,6.934130337851223e-05,1,0.0010657758117664448,2026-08-31,2026-08-31,Fedex Corp,6.963050941144016e-05,0.9983046657589602,159
SPMO,6.997714848699956e-05,6.452102220942287e-05,3,0.0011684252043974656,2024-09-30,2026-08-31,Invesco Exch Traded Fd Tr Ii,6.479012399961831e-05,0.9983694558829598,160
USO,6.229864979855451e-05,6.229864979855451e-05,1,0.0017764058827530389,2026-08-31,2026-08-31,United Sts Oil Fd Lp,6.255848260363833e-05,0.9984320143655634,161
ASML,4.911278731098402e-05,6.217323745351719e-05,3,0.001381881330054299,2026-06-30,2026-08-31,Asml Hldg Nv N Y Registry,6.243254719363077e-05,0.998494446912757,162
PDBA,8.856215272491898e-05,6.179195076383056e-05,3,0.0006950008289571516,2024-03-31,2024-05-31,Invesco Actvely Mngd Etc Fd,6.20496702481289e-05,0.9985564965830052,163
TESL,5.6183741925318654e-05,6.113105359304555e-05,4,0.00046391363917609664,2025-02-28,2025-05-31,Simplify Exchange Traded Fun,6.138601663292155e-05,0.9986178825996381,164
PDBC,0.00018438077405492348,6.0291524854283145e-05,3,0.002159305675263999,2021-08-31,2021-10-31,Invesco Activly Mangd Etc Fd,6.0542986420084724e-05,0.9986784255860582,165
LEN,0.00016878255697191008,5.690512717680427e-05,7,0.0011072568668300073,2025-06-30,2026-02-28,Lennar Corp,5.714246488582061e-05,0.9987355680509441,166
TROX,-5.2312397421791544e-05,5.646799094412472e-05,3,0.002313825387623595,2021-11-30,2022-01-31,Tronox Holdings Plc,5.670350546220661e-05,0.9987922715564063,167
HASI,0.00011229601208961152,5.6276114689954e-05,4,0.0002807161992221341,2023-11-30,2024-02-29,Hannon Armstrong Sust Infr C,5.651082893795763e-05,0.9988487823853442,168
FNGS,0.00014690768081366474,5.426460792259368e-05,11,0.0004498010863799503,2024-03-31,2025-01-31,Bank Montreal Medium,5.449093265577639e-05,0.998903273318,169
VLUE,5.407873500240943e-05,5.407873500240943e-05,1,0.0009939053309298296,2026-08-31,2026-08-31,Ishares Tr Msci,5.430428450398766e-05,0.998957577602504,170
PLTU,8.065098997380705e-05,5.103947650602077e-05,3,0.00030744720323031276,2025-06-30,2025-08-31,Direxion Shs Etf Tr,5.125234998551753e-05,0.9990088299524895,171
MAGS,8.114227683961127e-05,5.072501014362964e-05,7,0.0011702051973970485,2024-11-30,2025-05-31,Listed Fd Tr,5.093657205895433e-05,0.9990597665245484,172
DBB,7.505585917038965e-05,4.954036835929426e-05,7,0.00047904367592750425,2024-03-31,2026-08-31,Invesco Db Multi-Sector Comm,4.974698941636859e-05,0.9991095135139648,173
TMF,9.241484970188299e-05,4.898712521175494e-05,2,0.0007222755126020867,2025-09-30,2025-10-31,Direxion Shs Etf Tr,4.919143882365376e-05,0.9991587049527885,174
IBM,0.000543186450779424,4.871299348111824e-05,7,0.0015472265573485495,2023-11-30,2024-05-31,International Business Machs,4.891616375497098e-05,0.9992076211165435,175
THD,2.940060665714519e-05,4.637734609113143e-05,2,0.0016563082074316222,2026-06-30,2026-07-31,Ishares Inc,4.657077493695982e-05,0.9992541918914805,176
NVDD,3.402616736788546e-05,4.5501464007813045e-05,2,0.0011295955776149582,2026-06-30,2026-07-31,Direxion Shares Etf Trust Dly Nvda,4.569123975844006e-05,0.9992998831312389,177
CHAT,-5.2973792904108184e-05,4.291591059044611e-05,7,0.0012002335312684875,2023-09-30,2026-08-31,Tidal Tr Ii,4.309490261463121e-05,0.9993429780338535,178
QUAL,-0.0002737965075917759,3.9196176215681365e-05,2,0.004187411843507505,2023-09-30,2023-10-31,Ishares Tr,3.9359654115244385e-05,0.9993823376879688,179
NVDU,0.00010782923506527246,3.71590138913529e-05,9,0.0009345493594751721,2024-11-30,2025-10-31,Direxion Shs Etf Tr,3.731399527288779e-05,0.9994196516832416,180
UYG,8.838751273329402e-05,3.502411723365276e-05,6,0.00030909487181093566,2024-11-30,2025-08-31,Proshares Tr,3.5170194470572516e-05,0.9994548218777122,181
JEPQ,-4.527959382823075e-06,3.479648511894004e-05,9,0.0007373140372533668,2023-09-30,2024-08-31,J P Morgan Exchange Traded F,3.4941612956617845e-05,0.9994897634906688,182
SMIN,-9.042714172532083e-05,3.372943919886476e-05,8,0.0009513866506630069,2022-02-28,2024-10-31,Ishares Tr,3.387011664258599e-05,0.9995236336073113,183
BTCI,0.00028500892916050494,3.241449897223151e-05,3,0.0022212246556214538,2026-03-31,2026-05-31,Neos Etf Trust Bitcoin,3.2549692113986195e-05,0.9995561832994253,184
ARM,5.4387320425990306e-05,2.792324449627612e-05,5,0.00031491568261440205,2024-06-30,2024-10-31,Arm Holdings Plc,2.80397056871361e-05,0.9995842230051124,185
NVDY,3.372860322183353e-05,2.748080049965505e-05,2,0.0003994635823957475,2024-09-30,2024-10-31,Tidal Tr Ii,2.7595416362163513e-05,0.9996118184214746,186
GRNY,9.247961667506439e-06,2.482440358952161e-05,4,0.0008018738634881256,2025-02-28,2025-05-31,Tidal Etf Tr,2.492794025428168e-05,0.999636746361729,187
BHVN,6.378642639106479e-05,2.4560403852336022e-05,3,0.0005595580077302161,2024-06-30,2024-08-31,Biohaven Ltd,2.466283943717741e-05,0.9996614092011661,188
MGK,0.00017445010159200292,2.3072144044585435e-05,8,0.001085830561309809,2024-06-30,2025-01-31,Vanguard World Fd,2.3168372452838057e-05,0.999684577573619,189
NUKZ,2.1683192636475275e-05,2.1683192636475275e-05,1,0.001725975558060678,2026-08-31,2026-08-31,Exchange Traded Concepts Tru Rang Nucl,2.177362805978101e-05,0.9997063512016787,190
XBI,4.468779697359816e-05,2.0793416177137473e-05,3,0.0003423458278311128,2024-06-30,2024-08-31,Spdr Ser Tr,2.0880140555114378e-05,0.9997272313422338,191
HIMS,9.869884969370069e-05,1.984340026543464e-05,2,0.0013419454371325944,2025-09-30,2025-10-31,Hims & Hers Health Inc,1.9926162353698846e-05,0.9997471575045875,192
USCI,6.513004928301384e-05,1.93798551100689e-05,7,0.000558908367736968,2024-11-30,2025-05-31,United Sts Commodity Index F,1.9460683862082783e-05,0.9997666181884496,193
HIPO,4.365308880503933e-05,1.817059665422599e-05,3,0.0003615314649511286,2024-06-30,2024-08-31,Hippo Hldgs Inc,1.8246381877725708e-05,0.9997848645703273,194
DIA,1.588575256531009e-05,1.588575256531009e-05,1,0.0010830163953855236,2026-08-31,2026-08-31,State Str Spdr Dow Jones Ind Ut,1.5952008249233557e-05,0.9998008165785766,195
SIVR,0.00021065576080996388,1.5775163449468723e-05,11,0.0014205570721162754,2025-09-30,2026-07-31,Abrdn Silver Etf Trust,1.5840957892574394e-05,0.9998166575364691,196
GOOX,1.968361567082201e-05,1.5095346144995093e-05,2,0.000296221933433907,2024-09-30,2024-10-31,Etf Opportunities Trust,1.5158305232314772e-05,0.9998318158417014,197
VTI,-0.00046820744277136016,1.4130401911537473e-05,3,0.00562191931343968,2022-02-28,2022-04-30,Vanguard Index Fds,1.4189336446676013e-05,0.9998460051781481,198
PFE,-4.324889517942628e-05,1.3506825781543754e-05,3,0.0006341763487047086,2022-02-28,2022-04-30,Pfizer Inc,1.3563159529417024e-05,0.9998595683376775,199
XLU,1.8489620468666594e-05,1.3461267570898323e-05,2,0.00033988230158377456,2024-09-30,2024-10-31,Select Sector Spdr Tr,1.3517411306344279e-05,0.9998730857489839,200
PBW,-0.00013576149884517174,1.3129727428641265e-05,3,0.0016433125029884376,2022-02-28,2022-04-30,Invesco Exchange Traded Fd T,1.3184488389252788e-05,0.9998862702373732,201
OKE,2.3395746253805372e-05,1.3019987377579876e-05,3,0.00026260190740379647,2024-03-31,2024-05-31,Oneok Inc New,1.3074290638620228e-05,0.9998993445280118,202
QQQM,0.00014372643447031213,1.2162485778664788e-05,5,0.0012345609648825304,2024-09-30,2025-01-31,Invesco Exch Traded Fd Tr Ii,1.221321260511899e-05,0.9999115577406169,203
PMVP,7.041093641428772e-05,1.1955525555064247e-05,4,0.0003104618491902348,2023-11-30,2024-02-29,Pmv Pharmaceuticals Inc,1.200538919980243e-05,0.9999235631298167,204
EUV,1.088275092505762e-05,1.088275092505762e-05,1,0.0015786616802099499,2026-08-31,2026-08-31,Corgi Etf Tr,1.0928140282756858e-05,0.9999344912700995,205
URTH,-5.67970328149012e-07,9.035810161936138e-06,2,0.0009341773334241772,2026-06-30,2026-07-31,Ishares Inc,9.073496370355942e-06,0.9999435647664698,206
VWOB,8.704251217033675e-06,8.704251217033675e-06,1,0.001275296190031249,2026-08-31,2026-08-31,Vanguard Whitehall Fds Em Mk Gov,8.740554572197698e-06,0.9999523053210421,207
IXG,2.058891559773585e-05,8.34271000237174e-06,3,0.0003171786025668746,2024-03-31,2024-05-31,Ishares Tr,8.377505455385993e-06,0.9999606828264974,208
SPYG,6.761944343804531e-05,7.635370945869735e-06,3,0.0008599331109879904,2024-06-30,2024-08-31,Spdr Ser Tr,7.66721625643643e-06,0.9999683500427539,209
MMTM,-0.00011912410822898089,7.421128854309034e-06,2,0.0016927883270857653,2023-09-30,2023-10-31,Spdr Ser Tr,7.452080612225757e-06,0.9999758021233661,210
IWR,0.0002691433319232454,5.59647236111846e-06,3,0.0030419521114032418,2023-06-30,2023-08-31,Ishares Tr,5.619813912129043e-06,0.9999814219372782,211
SCHB,0.00028892600612144797,5.442995459816206e-06,9,0.0014895437811496296,2025-09-30,2026-05-31,Schwab Strategic Tr,5.465696895288012e-06,0.9999868876341735,212
HACK,1.3286870527965878e-05,5.3116780824162415e-06,2,0.0005138030504749373,2024-09-30,2024-10-31,Amplify Etf Tr,5.333831824436641e-06,0.999992221465998,213
IXN,6.195172674761692e-05,3.177223268338239e-06,6,0.0005895200441544848,2024-03-31,2024-08-31,Ishares Tr,3.1904747085678318e-06,0.9999954119407065,214
EEMX,3.331868174488535e-05,2.562741552680828e-06,3,0.0003120891031284262,2025-06-30,2025-08-31,Spdr Index Shs Fds,2.5734301362776005e-06,0.9999979853708428,215
FDL,5.957771810399285e-06,1.4089322291908095e-06,2,0.000294834013802893,2024-09-30,2024-10-31,First Tr Morningstar Divid L,1.4148085493753946e-06,0.9999994001793923,216
XLG,4.470472334862129e-06,5.613775442091844e-07,2,0.00025472841045275064,2024-09-30,2024-10-31,Invesco Exchange Traded Fd T,5.637189160124995e-07,0.9999999638983083,217
RSP,-1.0659796711316258e-05,3.59517463844541e-08,4,0.0005149092322745945,2025-02-28,2025-05-31,Invesco Exchange Traded Fd T,3.6101692541247875e-08,1.0000000000000009,218
BAC,0.0,0.0,0,,,,Bank Amer Corp,,,219
T,0.0,0.0,0,,,,At&T Inc,,,220
KO,0.0,0.0,0,,,,Coca Cola Co,,,221
MA,0.0,0.0,0,,,,Mastercard Inc,,,222
MCD,0.0,0.0,0,,,,Mcdonalds Corp,,,223
MO,0.0,0.0,0,,,,Altria Group Inc,,,224
ABBV,0.0,0.0,0,,,,Abbvie Inc,,,225
MRK,0.0,0.0,0,,,,Merck & Co Inc New,,,226
ORCL,0.0,0.0,0,,,,Oracle Corp,,,227
PEP,0.0,0.0,0,,,,Pepsico Inc,,,228
PG,0.0,0.0,0,,,,Procter & Gamble Co,,,229
PM,0.0,0.0,0,,,,Philip Morris Intl Inc,,,230
QCOM,0.0,0.0,0,,,,Qualcomm Inc,,,231
SLB,0.0,0.0,0,,,,Schlumberger Ltd,,,232
UNH,0.0,0.0,0,,,,Unitedhealth Group Inc,,,233
JPM,0.0,0.0,0,,,,Jpmorgan Chase & Co,,,234
UNP,0.0,0.0,0,,,,Union Pac Corp,,,235
UPS,0.0,0.0,0,,,,United Parcel Service Inc,,,236
USB,0.0,0.0,0,,,,Us Bancorp Del,,,237
V,0.0,0.0,0,,,,Visa Inc,,,238
VZ,0.0,0.0,0,,,,Verizon Communications Inc,,,239
WFC,0.0,0.0,0,,,,Wells Fargo & Co New,,,240
WMT,0.0,0.0,0,,,,Wal-Mart Stores Inc,,,241
AYI,0.0,0.0,0,,,,Acuity Brands Inc,,,242
AXP,0.0,0.0,0,,,,American Express Co,,,243
AMGN,0.0,0.0,0,,,,Amgen Inc,,,244
AIG,0.0,0.0,0,,,,American Intl Group Inc,,,245
KMI,0.0,0.0,0,,,,Kinder Morgan Inc Del,,,246
BA,0.0,0.0,0,,,,Boeing Co,,,247
DIS,0.0,0.0,0,,,,Disney Walt Co,,,248
GILD,0.0,0.0,0,,,,Gilead Sciences Inc,,,249
BRK-B,0.0,0.0,0,,,,Berkshire Hathaway Inc Del,,,250
HON,0.0,0.0,0,,,,Honeywell Intl Inc,,,251
C,0.0,0.0,0,,,,Citigroup Inc,,,252
GS,0.0,0.0,0,,,,Goldman Sachs Group Inc,,,253
HD,0.0,0.0,0,,,,Home Depot Inc,,,254
BMY,0.0,0.0,0,,,,Bristol Myers Squibb Co,,,255
COP,0.0,0.0,0,,,,Conocophillips,,,256
CVX,0.0,0.0,0,,,,Chevron Corp New,,,257
CSCO,0.0,0.0,0,,,,Cisco Sys Inc,,,258
CVS,0.0,0.0,0,,,,Cvs Health Corp,,,259
VONE,4.98934085230954e-05,-3.5415176670795403e-07,4,0.00023535521818023668,2023-11-30,2024-02-29,Vanguard Scottsdale Fds,,,260
IYY,8.783996082109278e-05,-5.860074074954722e-07,6,0.0013315430137036146,2025-09-30,2026-02-28,Ishares Tr,,,261
VV,0.0006771548453582089,-1.4565069984578185e-06,6,0.0030604099679025897,2023-09-30,2024-02-29,Vanguard Index Fds,,,262
IMMR,-5.3176436784130674e-05,-1.885488405009276e-06,3,0.0005901867492873115,2022-02-28,2022-04-30,Immersion Corp,,,263
AAPX,1.6985369424205122e-05,-2.56537685075923e-06,3,0.000267648061655176,2024-11-30,2025-01-31,Etf Opportunities Trust,,,264
HLLY,-6.025098667132206e-05,-4.1744032691788376e-06,3,0.0006298407301857282,2022-02-28,2022-04-30,Holley Inc,,,265
BITS,3.844082794733884e-06,-4.226242721867277e-06,3,0.00026104652281267214,2024-03-31,2024-05-31,Global X Fds,,,266
XES,0.000279661992220543,-6.1233516025668676e-06,6,0.003064540458251455,2021-05-31,2024-08-31,Spdr Ser Tr,,,267
DDM,2.1460211718178994e-05,-6.403631640148708e-06,6,0.00028192688494774583,2024-03-31,2025-01-31,Proshares Tr,,,268
OILK,-3.1147836247641316e-05,-7.325115506793666e-06,2,0.0022456376685869445,2026-06-30,2026-07-31,Proshares Tr K-1 Free,,,269
CURE,2.3862710203613387e-05,-8.104438421729912e-06,3,0.0003192942730659468,2025-06-30,2025-08-31,Direxion Shs Etf Tr,,,270
BLOK,-1.7831397795504218e-06,-1.0736009772069837e-05,3,0.000267945085338955,2024-03-31,2024-05-31,Amplify Etf Tr,,,271
DBA,6.075812520158682e-05,-1.1324676715780731e-05,7,0.0003108349532732375,2023-11-30,2024-05-31,Invesco Db Multi-Sector Comm,,,272
CNR,2.937390154745418e-05,-1.198807865962844e-05,3,0.0004166973303379388,2025-06-30,2025-08-31,Core Natural Resources Inc,,,273
PPA,9.187743112292946e-05,-1.2979881953841056e-05,5,0.0018548834095171909,2023-06-30,2026-07-31,Invesco Exchange Traded Fd T,,,274
CBNK,1.750942724104848e-05,-1.4375278334177733e-05,3,0.00031932508877996886,2025-06-30,2025-08-31,Capital Bancorp Inc Md,,,275
SDEM,1.1361257176762618e-05,-1.5875250194734877e-05,3,0.0003526215142983186,2024-11-30,2025-01-31,Global X Fds,,,276
MSFL,4.1272824269711375e-06,-1.6033290061376126e-05,3,0.00027597184245055985,2024-11-30,2025-01-31,Graniteshares Etf Tr,,,277
CEMB,1.5087314112884128e-06,-1.7141532501283503e-05,3,0.00024501549311116926,2024-11-30,2025-01-31,Ishares Inc,,,278
STOK,-2.436232618738523e-06,-1.7755369184755956e-05,3,0.00021645033356827365,2024-06-30,2024-08-31,Stoke Therapeutics Inc,,,279
MSFT,4.106528207639297e-06,-1.8852214877461258e-05,3,0.0003288118404000645,2024-06-30,2024-08-31,Microsoft Corp,,,280
IGE,0.00033396379295530857,-1.9396932675675517e-05,2,0.004324969511479544,2021-03-31,2021-04-30,Ishares Tr,,,281
CALF,1.923441094046191e-06,-2.1981275320241623e-05,3,0.00032981384819800444,2024-11-30,2025-01-31,Pacer Fds Tr,,,282
VOT,-0.00011725911272971172,-2.3252243810084938e-05,3,0.0011064640762634078,2022-02-28,2022-04-30,Vanguard Index Fds,,,283
FTC,-0.00015344841022274793,-2.3366933072935688e-05,2,0.0017404445548567342,2023-09-30,2023-10-31,First Trust Lrgcp Gwt Alphad,,,284
IVOL,0.0002790757645044527,-2.4857388854972835e-05,10,0.003177749622827074,2021-05-31,2026-02-28,Kraneshares Tr,,,285
BIL,2.9609442295453386e-06,-2.495696550992127e-05,3,0.0002795226225894986,2025-06-30,2025-08-31,Spdr Ser Tr,,,286
FENY,-1.4673784085221582e-05,-2.5206983180990773e-05,2,0.0006548738979308328,2024-09-30,2024-10-31,Fidelity Covington Trust,,,287
IWV,0.00037519211100968034,-2.556763992128001e-05,12,0.004045097339947605,2023-03-31,2024-05-31,Ishares Tr,,,288
NSLR,-0.00023942680600559852,-2.5855502372499695e-05,6,0.002036806353978952,2021-11-30,2022-04-30,Suro Capital Corp,,,289
PAM,6.314946552594589e-05,-2.6376183785610828e-05,4,0.0004317076095491718,2023-11-30,2024-02-29,Pampa Energia S A,,,290
ECHO,1.0321237916609541e-05,-2.770330058616303e-05,6,0.0002614834283164546,2024-06-30,2025-01-31,Echostar Corp,,,291
CVBF,3.253379408297204e-05,-2.8036505887130737e-05,4,0.0002907193742327118,2023-11-30,2024-02-29,Cvb Finl Corp,,,292
SPYV,9.47468592861779e-06,-2.826856552704864e-05,3,0.0005138966501158256,2024-11-30,2025-01-31,Spdr Ser Tr,,,293
XMMO,4.363733025897651e-05,-2.884633152036924e-05,3,0.0007314388886283729,2025-06-30,2025-08-31,Invesco Exchange Traded Fd T,,,294
OIH,-1.4770375155953997e-05,-2.9612319269125393e-05,3,0.00021109386667561645,2024-06-30,2024-08-31,Vaneck Etf Trust,,,295
URE,7.698228479135066e-06,-3.0999017070863284e-05,3,0.0003862598333122979,2025-06-30,2025-08-31,Proshares Tr,,,296
IEF,1.2617073423158283e-05,-3.445102781144668e-05,3,0.0004719974787474078,2025-06-30,2025-08-31,Ishares Tr,,,297
SPHB,0.0003990051310725743,-3.471161762457755e-05,9,0.00487837188321664,2021-05-31,2022-01-31,Invesco Exch Traded Fd Tr Ii,,,298
BIDU,2.703403291847743e-06,-3.5805451700210296e-05,7,0.0006516550856831286,2025-02-28,2025-08-31,Baidu Inc,,,299
CUBB,5.121961534131442e-05,-3.8538175163202915e-05,4,0.00041381347000747057,2023-11-30,2024-02-29,Customers Bancorp Inc,,,300
KLAC,-3.867866308488826e-05,-3.867866308488826e-05,1,0.000985991024666154,2026-08-31,2026-08-31,Kla Corp,,,301
IEFA,-1.0196269995320865e-05,-3.932818028552856e-05,5,0.00038527635545076825,2024-06-30,2024-10-31,Ishares Tr,,,302
RBA,-2.0007400077770406e-05,-4.0387435454387756e-05,3,0.0005278650000202207,2024-03-31,2024-05-31,Rb Global Inc,,,303
MS,7.101755945879684e-05,-4.072068142202861e-05,3,0.0012966398793018011,2023-06-30,2023-08-31,Morgan Stanley,,,304
AIOT,-1.8490372147683818e-05,-4.1886626513977035e-05,5,0.0002675493704216247,2024-06-30,2024-10-31,Powerfleet Inc,,,305
UPST,3.906759202886622e-05,-4.496060928731269e-05,4,0.00042737332369431873,2023-11-30,2024-02-29,Upstart Hldgs Inc,,,306
BTCL,-1.4920691516250579e-05,-5.7620038548998257e-05,2,0.0007095541489964528,2025-09-30,2025-10-31,World Fds Tr,,,307
AGL,-5.7953625222449855e-05,-5.7953625222449855e-05,1,0.0014271854569438088,2026-08-31,2026-08-31,Agilon Health Inc,,,308
RYLD,-2.669636068066188e-05,-5.819681256576432e-05,3,0.00257344856558166,2022-05-31,2022-07-31,Global X Fds,,,309
DUSL,0.0001940217961001394,-5.825696574696983e-05,3,0.005604610091478572,2021-08-31,2021-10-31,Direxion Shs Etf Tr,,,310
AMUU,-5.9567210641105985e-05,-5.9567210641105985e-05,1,0.0010212566202886047,2026-08-31,2026-08-31,Direxion Shares Etf Trust Dly Amd,,,311
RUSHA,-1.3559596741080171e-05,-6.0116944660299656e-05,6,0.0005696139696575288,2024-03-31,2024-08-31,Rush Enterprises Inc,,,312
IWB,0.0005224276963054735,-6.115451460176436e-05,16,0.007514965057822852,2022-05-31,2024-10-31,Ishares Tr,,,313
SIRI,-3.348988212940292e-05,-6.144257121480301e-05,3,0.00037509481631232744,2024-11-30,2025-01-31,Siriusxm Holdings Inc,,,314
XNTK,-5.742609626534499e-05,-6.161994451758831e-05,4,0.0007249507042420241,2025-11-30,2026-02-28,Spdr Series Trust,,,315
FXF,0.00012882701756267753,-6.406492672462917e-05,3,0.004360335097917604,2023-03-31,2023-05-31,Invesco Currencyshares Swiss,,,316
CRWD,-2.9904070763978072e-05,-6.442660800526608e-05,3,0.00034676745357875913,2025-06-30,2025-08-31,Crowdstrike Hldgs Inc,,,317
PESI,0.00013677327021189374,-6.452139491795703e-05,5,0.002190088887723827,2023-06-30,2023-10-31,Perma-Fix Environmental Svcs,,,318
IMVT,4.8965892874229254e-05,-6.701842434563181e-05,4,0.0005549271759631026,2023-11-30,2024-02-29,Immunovant Inc,,,319
VUG,0.00013092928013663557,-7.051031317620584e-05,11,0.0008205297190721168,2023-11-30,2026-02-28,Vanguard Index Fds,,,320
GLOP-PB,8.72926421419514e-05,-7.363717147868622e-05,4,0.0033184355215617853,2022-11-30,2023-02-28,Gaslog Partners Lp,,,321
BLDR,-6.127148667392455e-05,-7.369409600462358e-05,3,0.00035563330660690317,2024-03-31,2024-05-31,Builders Firstsource Inc,,,322
TSLR,-5.161768627911831e-05,-7.552008518650543e-05,3,0.00022599051144611207,2025-06-30,2025-08-31,Graniteshares Etf Tr,,,323
COSM,-0.00015395996669742004,-7.600010530602264e-05,2,0.001092238316632921,2023-09-30,2023-10-31,Cosmos Health Inc,,,324
VIG,6.651449259571218e-05,-7.714154237978349e-05,9,0.0009441628108259078,2023-03-31,2025-01-31,Vanguard Specialized Funds,,,325
MLTX,-1.985760898926151e-05,-7.906140194468666e-05,4,0.00027813680692674673,2023-11-30,2024-02-29,Moonlake Immunotherapeutics,,,326
USRT,0.0001094372692006818,-8.500611674986426e-05,3,0.0022008524562826784,2023-06-30,2023-08-31,Ishares Tr,,,327
WGMI,-6.415886621132377e-05,-9.434048922956212e-05,7,0.0004824731672005003,2024-06-30,2025-05-31,Valkyrie Etf Trust Ii,,,328
ATLX,-8.01643559966471e-05,-9.739282425626032e-05,3,0.00023571551119038465,2024-06-30,2024-08-31,Atlas Lithium Corp,,,329
SRLN,8.758760995616015e-05,-9.909079495487061e-05,6,0.0010166959054925355,2023-06-30,2025-08-31,Ssga Active Etf Tr,,,330
IYH,1.629299762284284e-05,-0.0001019518502181479,3,0.002673197420988417,2023-03-31,2023-05-31,Ishares Tr,,,331
HPK,-3.103494998940752e-05,-0.00010477586800529545,4,0.0003225729095497513,2023-11-30,2024-02-29,Highpeak Energy Inc,,,332
ETHA,-0.00012895510907624065,-0.00010747940715329649,2,0.0019713041206222384,2026-06-30,2026-07-31,Ishares Ethereum Tr,,,333
FHN,6.806522627777693e-05,-0.00010787668971853277,4,0.0038129241722722664,2022-11-30,2023-02-28,First Horizon Corporation,,,334
SPEU,6.178156398842435e-05,-0.00010798762312854251,3,0.0019159085673414941,2023-06-30,2023-08-31,Spdr Index Shs Fds,,,335
RSPT,-0.00025458938784476005,-0.00010948573482329339,3,0.002944064698955504,2022-08-31,2022-10-31,Invesco Exchange Traded Fd T,,,336
SYM,-9.919279234786948e-05,-0.0001112522847352214,3,0.00016714916352352803,2024-06-30,2024-08-31,Symbotic Inc,,,337
MEXX,-0.00010195763031578264,-0.00011284152062383723,3,0.00014533466093394882,2024-06-30,2024-08-31,Direxion Shs Etf Tr,,,338
ITB,-0.00013196475972924906,-0.00011471448807578163,4,0.0007725724607568706,2025-02-28,2025-05-31,Ishares Tr,,,339
UDN,2.8099061334832747e-06,-0.00011537467686358223,5,0.0007354780921354721,2025-06-30,2025-10-31,Invesco Db Us Dlr Index Tr,,,340
BNDX,-0.0003976105892089315,-0.00011832197809444719,3,0.006859951116754327,2022-08-31,2022-10-31,Vanguard Charlotte Fds,,,341
IHS,-8.171532143765113e-05,-0.00012216497404823158,4,0.0001821271121311615,2023-11-30,2024-02-29,Ihs Holding Limited,,,342
SOUN,-0.00013978647440579737,-0.0001269931317680399,4,0.0004023609246722829,2025-02-28,2025-05-31,Soundhound Ai Inc,,,343
PTNQ,-0.0001532053480607338,-0.0001308903723060221,2,0.002170843546680618,2026-06-30,2026-07-31,Pacer Fds,,,344
METV,-0.00019123982254760748,-0.0001330489848965431,3,0.0007025639557322461,2022-02-28,2022-04-30,Listed Fd Tr,,,345
NCNO,-0.0002688431200482983,-0.00013515597600633974,2,0.0017933606408738658,2023-09-30,2023-10-31,Ncino Inc,,,346
TDS,-5.0296678962686835e-05,-0.00013665463673430937,4,0.00039566384659208494,2023-11-30,2024-02-29,Telephone & Data Sys Inc,,,347
CPER,-1.4463266721785703e-05,-0.0001369359120474424,3,0.002729465975553118,2021-05-31,2021-07-31,United Sts Commodity Index F,,,348
ICOP,-0.00015973638563088587,-0.00014027167779200888,2,0.001847088958978964,2026-06-30,2026-07-31,Ishares,,,349
RINF,-1.8193676974172748e-05,-0.00014615032523429173,2,0.0021029465370028316,2025-09-30,2025-10-31,Proshares Tr,,,350
SJB,-4.914262903929268e-05,-0.0001464029174787402,6,0.0019790977393965843,2021-05-31,2022-04-30,Proshares Tr,,,351
XSW,0.0002915437390796976,-0.00014736001174980992,7,0.0019885784343803173,2023-11-30,2024-05-31,Spdr Ser Tr,,,352
ANNX,-0.0002635825054049125,-0.00015345389219635478,3,0.0038805639334538507,2022-08-31,2022-10-31,Annexon Inc,,,353
SPIP,-1.0248435716557697e-05,-0.00015434889970068354,3,0.0015735777431192175,2023-06-30,2023-08-31,Spdr Ser Tr,,,354
AMDL,-0.00013291182404188214,-0.0001566504641494809,3,0.0002941193775289886,2024-11-30,2025-01-31,Graniteshares Etf Tr,,,355
FNGR,-0.00012120686371478278,-0.00015686898357755247,4,0.00014939028652765978,2023-11-30,2024-02-29,Fingermotion Inc,,,356
PGJ,-0.0002381635867803281,-0.00015716717174873787,3,0.0010724252245375243,2022-02-28,2022-04-30,Invesco Exchange Traded Fd T,,,357
TMDX,1.8228823278645034e-05,-0.0001648114332055918,3,0.004299213626288779,2021-05-31,2021-07-31,Transmedics Group Inc,,,358
IWD,-6.811472257225158e-05,-0.0001649330902187974,3,0.0021636468035478376,2023-03-31,2023-05-31,Ishares Tr,,,359
LQD,-8.539725879578856e-06,-0.00016930915868418805,5,0.001386808866019166,2024-09-30,2025-01-31,Ishares Tr,,,360
ZVRA,-0.00020848432145596926,-0.00017482811295153465,3,0.0004605058954868463,2022-02-28,2022-04-30,Kempharm Inc,,,361
CLOV,-0.00010854913658039479,-0.000185881165219128,3,0.0016517437959832602,2021-08-31,2021-10-31,Clover Health Investments Co,,,362
DHR,-0.00020370158543995322,-0.0001873245928255095,6,0.0008696356474547513,2024-09-30,2025-05-31,Danaher Corporation,,,363
XAR,-0.00020834628544667122,-0.00018757241124016735,3,0.001776148938659102,2026-06-30,2026-08-31,Spdr,,,364
ACRS,-8.144693447467813e-05,-0.00019604982322417368,3,0.0013408177089019053,2023-06-30,2023-08-31,Aclaris Therapeutics Inc,,,365
COMT,-0.00013532859050018083,-0.0002032383257192962,6,0.0021606392214157362,2022-05-31,2025-08-31,Ishares U S Etf Tr,,,366
COF,-0.00016346000061452643,-0.00020560853703232201,6,0.0011016542662313443,2025-09-30,2026-02-28,Capital One Finl Corp,,,367
XPEV,-0.0002626220430341561,-0.00020810401767559073,3,0.0008168184109878489,2022-02-28,2022-04-30,Xpeng Inc,,,368
LITE,-0.00022218757824487786,-0.00020896673734464968,2,0.001288628430198897,2026-06-30,2026-07-31,Lumentum Hldgs Inc,,,369
TLT,-1.5870472661708142e-05,-0.00021192633790087544,6,0.0030824321119542596,2023-03-31,2026-08-31,Ishares Tr,,,370
DVY,0.00021196260357636906,-0.00021672052123174223,5,0.006178163574895478,2023-06-30,2023-10-31,Ishares Tr,,,371
LABX,-0.0002175757826240102,-0.0002175757826240102,1,0.0015195946660525588,2026-08-31,2026-08-31,Investment Managers Ser Tr I Tradr,,,372
IYR,-0.00011946323800176458,-0.00022071160292557037,3,0.0022502045794812065,2023-03-31,2023-05-31,Ishares Tr,,,373
FTGC,-3.375295795761178e-05,-0.0002228209584553838,4,0.004093843565933445,2022-11-30,2023-02-28,First Tr Exchange Trad Fd Vi,,,374
EWG,0.00018892988490404924,-0.00023075897955200935,3,0.009542655165333204,2023-03-31,2023-05-31,Ishares Inc,,,375
IMAX,-5.847152453213614e-06,-0.0002350097330388115,2,0.0028264101544838646,2021-03-31,2021-04-30,Imax Corp,,,376
JTKWY,-0.00027724015091047893,-0.00024070318129207027,3,0.0005069172712841119,2022-02-28,2022-04-30,Just Eat Takeaway Com N V,,,377
GRFS,-0.00020249669455736023,-0.000247571078729052,2,0.0016755423817461745,2021-01-31,2021-02-28,Grifols S A,,,378
LFVN,-0.00027486673817710367,-0.000251282046859636,4,0.0005705966874472571,2025-02-28,2025-05-31,Lifevantage Corp,,,379
TARK,-0.00029135031119873313,-0.00025243226802326057,5,0.0004389565900675857,2023-09-30,2024-08-31,Investment Managers Ser Tr I,,,380
WOOD,-0.00014566413396585186,-0.000257672408448678,3,0.0024741478712262933,2023-03-31,2023-05-31,Ishares Tr,,,381
KD,-0.0003313872713418863,-0.000258894591841429,3,0.001009154427439028,2022-02-28,2022-04-30,Kyndryl Hldgs Inc,,,382
GENZ,0.00029901683872470745,-0.0002589475534155593,2,0.006856167157840371,2021-03-31,2021-04-30,Vaneck Vectors Etf Tr,,,383
VYGR,-0.0002299037713231284,-0.0002599035370829178,3,0.0026783373616820916,2022-05-31,2022-07-31,Voyager Therapeutics Inc,,,384
BITI,-0.0002661224244418214,-0.0002661224244418214,1,0.001270289143768117,2026-08-31,2026-08-31,Proshares Tr Shor Bitc,,,385
CIBR,-0.000631297267473477,-0.00026727075674880707,6,0.007235653097522385,2022-05-31,2022-10-31,First Tr Exchange Traded Fd,,,386
TSLL,-7.744114720015455e-06,-0.0002690584713819492,12,0.0012411453949488097,2024-09-30,2025-08-31,Direxion Shs Etf Tr,,,387
CLDX,-0.00032101342315057825,-0.00027193034121535836,3,0.0011226045227272132,2021-11-30,2022-01-31,Celldex Therapeutics Inc New,,,388
IDRV,0.0008644416224317725,-0.00028793554966450446,5,0.007991561237605596,2021-03-31,2021-07-31,Ishares Tr,,,389
BTU,-0.0002706659469435167,-0.0002911505260838474,3,0.0036286311189842823,2022-05-31,2022-07-31,Peabody Engr Corp,,,390
JOBY,-0.00039496508614801477,-0.00030003706284658624,2,0.001253638164322749,2023-09-30,2023-10-31,Joby Aviation Inc,,,391
NEXT,-0.00040436444208951196,-0.00030188503118603883,2,0.0013484545003241849,2023-09-30,2023-10-31,Nextdecade Corp,,,392
SHV,7.437875558007396e-05,-0.0003080281340557251,8,0.0026826098574568376,2023-03-31,2026-07-31,Ishares Tr,,,393
EYPT,-0.00029232943067546016,-0.0003084098976193566,3,0.0003849063128337422,2024-03-31,2024-05-31,Eyepoint Pharmaceuticals Inc,,,394
HOMZ,-0.0005427962856010057,-0.0003111175980354295,3,0.00472697944174599,2022-08-31,2022-10-31,Etf Ser Solutions,,,395
MTUM,0.00037321421050067816,-0.0003165213318086556,13,0.0021406051007324257,2021-03-31,2026-08-31,Ishares Tr,,,396
XLF,-2.9954609748791543e-05,-0.00032192318825586066,6,0.0034033531222695166,2022-05-31,2026-05-31,Select Sector Spdr Tr,,,397
AEVA,-0.00021024148864882958,-0.00033246166460284697,5,0.0015399389016706466,2021-08-31,2025-10-31,Aeva Technologies Inc,,,398
DXC,-0.00011461366505621193,-0.0003373981242224154,4,0.005584173856068225,2022-11-30,2023-02-28,Dxc Technology Co,,,399
ALDX,-0.0002452991766962974,-0.00034676660012181117,3,0.0010319288779264638,2023-06-30,2023-08-31,Aldeyra Therapeutics Inc,,,400
NIO,-0.0002474045158390689,-0.00034730979387753984,3,0.0019281886634780192,2021-08-31,2021-10-31,Nio Inc,,,401
REM,-0.00024730574356321986,-0.000348878859509865,3,0.0022115553044618937,2023-03-31,2023-05-31,Ishares Tr,,,402
TOST,-0.00037156534598356203,-0.0003567419432805636,3,0.0024473352935664382,2022-05-31,2022-07-31,Toast Inc,,,403
INOD,-0.0004290857726848774,-0.00036225681224842546,2,0.0008500349873772262,2023-09-30,2023-10-31,Innodata Inc,,,404
SCO,-0.00036566402810915853,-0.00036566402810915853,1,0.0031219425380291346,2026-08-31,2026-08-31,Proshares Tr,,,405
MMM,-0.00027106023159039947,-0.00036621485002334014,5,0.0013129005371965434,2023-03-31,2024-10-31,3M Co,,,406
RDDT,-0.00035750750854888065,-0.00036724893863424436,4,0.0011445858565911765,2025-11-30,2026-02-28,Reddit Inc,,,407
NVS,-5.8738160793942965e-05,-0.00038979938589538176,12,0.0010514827477682866,2024-03-31,2026-05-31,Novartis Ag,,,408
XPOF,-0.0006468191648426218,-0.00040200389678647804,5,0.0013753115012073071,2022-02-28,2023-10-31,Xponential Fitness Inc,,,409
REMX,-0.00042925076823338625,-0.0004112031303155981,3,0.0015051686749794136,2026-06-30,2026-08-31,Vaneck Etf Trust Rare Earth,,,410
FAN,2.0345239993569244e-05,-0.0004192366954732469,2,0.005385848047913251,2021-03-31,2021-04-30,First Tr Exchange-Traded Fd,,,411
CRTO,-0.00017375332125850072,-0.0004273986047992311,3,0.002817511928315149,2023-06-30,2023-08-31,Criteo S A,,,412
EMQQ,6.840384154481124e-05,-0.0004290916015014072,6,0.003983213374747837,2023-03-31,2023-08-31,Exchange Traded Concepts Tr,,,413
VXUS,-0.0007752462790889554,-0.0004389472351512981,3,0.0069809908371400164,2022-08-31,2022-10-31,Vanguard Star Fds,,,414
URNJ,0.00136797643405337,-0.00044039705953805643,7,0.0059783242944768805,2023-11-30,2024-05-31,Sprott Fds Tr,,,415
VXX,-0.0004930092890054675,-0.00047377496305270794,3,0.0018054042153638707,2026-06-30,2026-08-31,Barclays Bank Plc Ipath,,,416
JNUG,-0.0004628422838401524,-0.0004885561020912734,5,0.0007719392637827339,2025-06-30,2026-07-31,Direxion Shs Etf Tr,,,417
RDTL,-0.00048057718939433874,-0.0004888277066240134,4,0.0007328455759435628,2025-11-30,2026-02-28,Graniteshares Etf Tr,,,418
NERD,-0.00036656869812050813,-0.0004956846258684209,3,0.002939288487122606,2021-05-31,2021-07-31,Listed Fd Tr,,,419
TQQQ,-0.0005239205433591498,-0.0005018452611777471,2,0.0021282475028668616,2026-06-30,2026-07-31,Proshares,,,420
BABX,-0.0004979886598254634,-0.0005021075035487881,4,0.0013131081013040098,2025-11-30,2026-02-28,Graniteshares Etf Tr,,,421
PBR,-8.978487982701483e-05,-0.0005100340156020244,4,0.0103801804859468,2022-11-30,2023-02-28,Petroleo Brasileiro Sa Petro,,,422
INTW,-0.000522237392756199,-0.0005112066315526769,2,0.0011609590042284163,2026-06-30,2026-07-31,Graniteshares Etf Tr 2X Long,,,423
CVE,-0.0003771933204119136,-0.0005147268567735038,10,0.004002229394874707,2022-08-31,2023-05-31,Cenovus Energy Inc,,,424
SBS,-0.0003909000263368712,-0.0005205138973244562,4,0.002966543615380745,2022-11-30,2023-02-28,Companhia De Saneamento Basi,,,425
ENVX,-0.000579973271254622,-0.0005240321180197991,3,0.0018230601094450412,2021-11-30,2022-01-31,Enovix Corporation,,,426
PERI,-0.0002969907287997991,-0.0005285232532625138,2,0.002879466512358833,2021-03-31,2021-04-30,Perion Network Ltd,,,427
DNA,-0.00055975727829468,-0.000535970206743188,3,0.0008168597137844384,2021-11-30,2022-01-31,Ginkgo Bioworks Holdings Inc,,,428
CRWV,-0.000556316009182921,-0.0005404982072599954,2,0.0015046585571298796,2026-06-30,2026-07-31,Coreweave Inc Com,,,429
ALEC,-0.00035857825870969464,-0.0005423008480565886,3,0.004077228890700741,2021-08-31,2021-10-31,Alector Inc,,,430
CSV,-0.0004644763017945161,-0.0005522914270598518,3,0.001877906470999062,2023-03-31,2023-05-31,Carriage Svcs Inc,,,431
CEIN,-0.0005848838491884251,-0.0005578794143065264,3,0.0009190866435866874,2021-11-30,2022-01-31,Camber Energy Inc,,,432
ORMP,-0.0008452731477822099,-0.0005748370556055685,3,0.004225906349521216,2022-08-31,2022-10-31,Oramed Pharmaceuticals Inc,,,433
AXSM,-0.0007276309246804755,-0.0006101696207918398,3,0.002495831659969741,2021-11-30,2022-01-31,Axsome Therapeutics Inc,,,434
EEM,0.0005990367203623153,-0.0006199535432459142,20,0.0030879848957000066,2023-03-31,2026-07-31,Ishares Tr,,,435
DAO,-0.00032837666004648287,-0.0006205533624639724,3,0.003346422148512785,2023-06-30,2023-08-31,Youdao Inc,,,436
EVH,-0.0008299355028364522,-0.0006395087693529335,3,0.004153628903398609,2021-11-30,2022-01-31,Evolent Health Inc,,,437
XLK,0.0013749250570068044,-0.0006428600082393437,7,0.010992851467610903,2021-01-31,2024-05-31,Select Sector Spdr Tr,,,438
AMPX,-0.000553432161628312,-0.000668422640290311,6,0.000689280256588281,2023-06-30,2024-05-31,Amprius Technologies Inc,,,439
DOYU,-0.000562568599996271,-0.0006685552126799186,3,0.002553414586612131,2021-08-31,2021-10-31,Douyu Intl Hldgs Ltd,,,440
MLCO,-0.0005135971196088916,-0.0006693691857251858,3,0.00351796357115028,2023-03-31,2023-05-31,Melco Resorts And Entmnt Ltd,,,441
STIP,0.000134260176100557,-0.0006809387969647707,9,0.004291044938284432,2023-03-31,2024-08-31,Ishares Tr,,,442
CDE,-0.0005700634927978828,-0.0006815741706389109,3,0.0014951177578240648,2026-03-31,2026-05-31,Coeur Mng Inc,,,443
QQQJ,0.00011739052257128044,-0.0006973248732868916,5,0.0056170467455814495,2021-03-31,2021-07-31,Invesco Exch Traded Fd Tr Ii,,,444
IAU,9.531987044048262e-06,-0.0007491785114886699,14,0.0028344557159681494,2024-11-30,2026-05-31,Ishares Gold Tr,,,445
UNIT,-0.0007539343842512946,-0.0007497468788153342,3,0.003801606002292838,2022-05-31,2022-07-31,Uniti Group Inc,,,446
BABA,0.0007530746770818693,-0.0007659407510422475,24,0.0053544295493550545,2022-08-31,2026-05-31,Alibaba Group Hldg Ltd,,,447
EXEL,-0.0010749787967615837,-0.0008253060152803401,3,0.004769490278482339,2022-08-31,2022-10-31,Exelixis Inc,,,448
VB,-0.0005046157470268533,-0.0008383320004744604,3,0.007349334275196032,2023-03-31,2023-05-31,Vanguard Index Fds,,,449
IYT,-0.0003367482608138968,-0.0008519639779062879,3,0.011411232741332211,2023-03-31,2023-05-31,Ishares Tr,,,450
ARTY,-0.0002382599728856776,-0.0008592363476516029,5,0.0055516441966342815,2021-03-31,2021-07-31,Ishares Tr,,,451
NFLU,-0.0008629897300872309,-0.0008785876177269524,4,0.002084355571827912,2025-11-30,2026-02-28,Etf Opportunities Trust,,,452
DSP,-0.0009061507000192488,-0.0008805394404442237,10,0.002478339936118562,2022-05-31,2023-02-28,Viant Technology Inc,,,453
SOCL,-0.0003849964779374395,-0.0008827513334321367,3,0.011377677430894503,2021-05-31,2021-07-31,Global X Fds,,,454
TWN,-0.0010863055285281215,-0.0008887382158285403,3,0.003577638736421304,2022-08-31,2022-10-31,Taiwan Fd Inc,,,455
EETH,-0.0006469220952052426,-0.000900949212787086,8,0.0013863141169971752,2024-06-30,2025-08-31,Proshares Tr,,,456
COPX,-0.00040390161229882646,-0.000902704535879036,6,0.004117290599634541,2026-03-31,2026-08-31,Global X Fds Global,,,457
NUGT,-0.0009442201315561878,-0.0009179341251216416,2,0.0023422938899331763,2026-06-30,2026-07-31,Direxion Shares Etf Trust Daily,,,458
ASHR,-0.00032110457855077506,-0.0009289042139990354,2,0.007528712442531806,2021-03-31,2021-04-30,Dbx Etf Tr,,,459
ASLE,-0.0010368669436104012,-0.0009318820890306474,3,0.0024722196294155296,2021-11-30,2022-01-31,Aersale Corporation,,,460
RUM,-0.0008906041731446633,-0.0009368985085987185,9,0.0008340983016151579,2023-06-30,2025-05-31,Rumble Inc,,,461
SOLZ,-0.0009519577192394911,-0.0009599616446500847,4,0.0012449683457802449,2025-11-30,2026-02-28,Volatility Shs Tr,,,462
MERC,-0.0008526367892748535,-0.0009646665502744507,3,0.0026049922908246335,2021-05-31,2021-07-31,Mercer Intl Inc,,,463
FBL,-0.0006708683406040207,-0.0010339685891204047,10,0.0019720267574542,2024-11-30,2026-05-31,Graniteshares Etf Tr,,,464
CONL,-0.0010387122469578298,-0.0010401255388072478,8,0.0010796808891795563,2024-09-30,2025-10-31,Graniteshares Etf Tr,,,465
MCRB,-0.0005399903662137133,-0.0010578392521190002,7,0.002754336367167412,2021-01-31,2021-10-31,Seres Therapeutics Inc,,,466
VKTX,-0.00069217399048532,-0.001069020543547516,15,0.0016047138449378703,2023-06-30,2024-08-31,Viking Therapeutics Inc,,,467
ECNS,-0.0005648466481051398,-0.001089677122000563,6,0.00525420368478671,2021-05-31,2021-10-31,Ishares Tr,,,468
PPH,-0.0004131431852758933,-0.0010907133589272353,3,0.006611520772524096,2026-03-31,2026-05-31,Vaneck Etf Trust,,,469
AMWL,-0.0009243295254987485,-0.0010915613135625123,2,0.002135678786553967,2021-03-31,2021-04-30,American Well Corp,,,470
ASTX,-0.0011102222965984063,-0.0010977572424660503,2,0.0010434852108124116,2026-06-30,2026-07-31,Investment Managers Ser Tr I Tradr,,,471
UONE,-0.0013662965917453453,-0.0011331470495167268,3,0.003766815491797226,2022-05-31,2022-07-31,Urban One Inc,,,472
EOSE,-0.0012523728044792114,-0.0011344451364355046,6,0.000808627943582772,2023-09-30,2024-02-29,Eos Energy Enterprises Inc,,,473
NTPIF,-0.0011075241333513269,-0.001140529189979071,3,0.002801855120176392,2022-05-31,2022-07-31,Nam Tai Ppty Inc,,,474
RDW,-0.0012030248978269116,-0.0011471373127816516,3,0.0016891518026648726,2021-11-30,2022-01-31,Redwire Corporation,,,475
CNYA,6.112312845379448e-05,-0.0011599344494263842,8,0.007167175845469893,2021-03-31,2021-10-31,Ishares Tr,,,476
BKD,-0.0010212402479979716,-0.0011784292744976242,4,0.002778651684938487,2022-11-30,2023-02-28,Brookdale Sr Living Inc,,,477
GSL,-0.001428709057694161,-0.0011810290571891329,6,0.004727153117904626,2022-02-28,2022-07-31,Global Ship Lease Inc New,,,478
LFMD,-0.0007042335410244866,-0.0011817483736440938,6,0.005029066033819957,2021-05-31,2021-10-31,Lifemd Inc,,,479
TSLT,-0.0013853290747567687,-0.0012974490860209382,4,0.001894589915113167,2025-02-28,2025-05-31,Etf Opportunities Trust,,,480
LOGC,-0.0012226763657932173,-0.0013134624388171003,3,0.0019117155708778717,2021-08-31,2021-10-31,Contextlogic Inc,,,481
PTGX,-0.0012227932086780447,-0.0013619826227241785,9,0.001381296816158739,2021-11-30,2023-08-31,Protagonist Therapeutics Inc,,,482
INTC,-0.0010441074073711224,-0.0013713352309891152,5,0.015804794890443195,2022-11-30,2026-08-31,Intel Corp,,,483
SDGR,-0.001654232703004268,-0.0013809840472456035,2,0.003548322910322235,2023-09-30,2023-10-31,Schrodinger Inc,,,484
CANE,-0.0014573623143528081,-0.0013815002142030025,10,0.011250057566920891,2022-05-31,2023-02-28,Teucrium Commodity Tr,,,485
ARKW,0.00014801447162613715,-0.0014161954809377353,7,0.00843744438094844,2021-01-31,2023-05-31,Ark Etf Tr,,,486
BITU,-0.0011229104164154882,-0.0014435693978639367,16,0.001787913216387058,2024-11-30,2026-02-28,Proshares Tr,,,487
NLR,-0.0005919881959676267,-0.0015019725263681748,14,0.002398362066512748,2025-02-28,2026-07-31,Vaneck Etf Trust,,,488
ESPO,5.404079336673097e-05,-0.0015088604280151946,10,0.005350914813907603,2021-01-31,2023-08-31,Vaneck Vectors Etf Tr,,,489
ARKK,5.339091371675764e-05,-0.0015735875731998992,10,0.005909804670607394,2021-01-31,2025-08-31,Ark Etf Tr,,,490
CSTE,-0.0014095340115173357,-0.001593036066867303,4,0.0032527885342770006,2022-11-30,2023-02-28,Caesarstone Ltd,,,491
LCID,-0.0017153873834282866,-0.0016131552177613524,15,0.0018506289995770184,2022-05-31,2024-02-29,Lucid Group Inc,,,492
COIN,-0.0011424249272044952,-0.0016349288582617678,20,0.0015247544515799541,2021-11-30,2026-07-31,Coinbase Global Inc,,,493
SND,-0.0017328595723579772,-0.0016482078476173297,3,0.002982189692428521,2022-05-31,2022-07-31,Smart Sand Inc,,,494
LU,-0.001872767140977614,-0.001657144045066495,5,0.0016439174434748963,2022-08-31,2024-10-31,Lufax Holding Ltd,,,495
CQQQ,-0.001215967861797519,-0.0016573099909900806,3,0.010067320202332142,2021-05-31,2021-07-31,Invesco Exch Traded Fd Tr Ii,,,496
BITX,-0.000955702207058495,-0.0016994221925545059,16,0.0021043284733390966,2024-03-31,2026-05-31,Volatility Shs Tr,,,497
NNOX,-0.0015503840518118835,-0.0017102183088967835,6,0.0024800694435004387,2021-08-31,2022-01-31,Nano X Imaging Ltd,,,498
DGII,-0.0013958800079667973,-0.0017203651709340522,4,0.007664064536636514,2022-11-30,2023-02-28,Digi Intl Inc,,,499
VTIP,9.196649204596817e-05,-0.001744903520566955,28,0.008777956138394234,2021-08-31,2024-05-31,Vanguard Malvern Fds,,,500
IQ,-0.0016632043890487814,-0.0018107868189711441,3,0.003135215181244396,2023-03-31,2023-05-31,Iqiyi Inc,,,501
CMPS,-0.0017689365028710825,-0.0018194072644806872,9,0.0022564390229474203,2021-08-31,2022-04-30,Compass Pathways Plc,,,502
AI,-0.0012859305563179308,-0.0019122132887735897,7,0.002902364743238559,2023-06-30,2024-02-29,C3 Ai Inc,,,503
NNDM,-0.0015096926624289303,-0.001955321889844425,2,0.005562015379216847,2021-03-31,2021-04-30,Nano Dimension Ltd,,,504
BMEA,-0.001712614775627655,-0.0019931613415971982,3,0.002556037851190234,2023-06-30,2023-08-31,Biomea Fusion Inc,,,505
OPEN,-0.002191212022058015,-0.002055985376246465,6,0.0023952874634651945,2021-11-30,2022-07-31,Opendoor Technologies Inc,,,506
ARKF,-0.0008333594039399574,-0.002106589647976796,5,0.011635871789981747,2021-03-31,2021-07-31,Ark Etf Tr,,,507
ONLN,-0.00145261395332332,-0.002107666244133382,8,0.004907509907572752,2021-03-31,2022-04-30,Proshares Tr,,,508
ETHT,-0.0019648782292773386,-0.0022243851119752474,7,0.0017544808459804,2025-11-30,2026-05-31,Proshares Tr,,,509
SILJ,-0.001869315420068427,-0.0022401863997747913,5,0.0036609896445248613,2026-03-31,2026-07-31,Amplify Etf,,,510
YMM,-0.0025257963609217845,-0.0022967591885748456,10,0.006347394571345498,2022-08-31,2023-05-31,Full Truck Alliance Co Ltd,,,511
QCLN,-0.0010424964632646373,-0.002353496871912657,5,0.009899002720544664,2021-03-31,2021-07-31,First Tr Exchange-Traded Fd,,,512
MBI,-0.002237864002801709,-0.0024624057365127596,15,0.001136423246111925,2023-03-31,2025-05-31,Mbia Inc,,,513
FLNA,-0.0023071834553185498,-0.0026347547507663376,3,0.005354080069552268,2021-08-31,2021-10-31,Cassava Sciences Inc,,,514
FXI,-0.0013029310757904386,-0.0028005551811357125,10,0.006948553626941715,2021-05-31,2026-08-31,Ishares Tr,,,515
IBUY,-0.0013792273877315173,-0.0028693340739381224,5,0.01080866464409742,2021-03-31,2021-10-31,Amplify Etf Tr,,,516
SIL,-0.002088583061565963,-0.0031412650030225846,10,0.00888285597627404,2025-11-30,2026-08-31,Global X Fds,,,517
REKR,-0.0034352156912881428,-0.0031627741151243755,6,0.002263850879495344,2021-11-30,2022-10-31,Rekor Systems Inc,,,518
SGML,-0.002800664226973697,-0.003421760187219223,12,0.0033669440747762266,2023-06-30,2024-05-31,Sigma Lithium Corporation,,,519
ARKQ,-0.0011957920056341288,-0.0034278463346171673,8,0.010630204737854735,2021-03-31,2022-04-30,Ark Etf Tr,,,520
KWEB,-0.0020184613290416343,-0.0035390867452338264,5,0.009545745226805813,2026-03-31,2026-07-31,Kraneshares Trust Csi,,,521
VYX,-0.004557752011170667,-0.003607623064978433,3,0.011526094500792372,2022-08-31,2022-10-31,Ncr Corp New,,,522
MSOS,-0.003033192626183176,-0.0036802199961808732,9,0.004136604519721689,2021-03-31,2023-02-28,Advisorshares Tr,,,523
SLVP,-0.003212569479109073,-0.003733791433358371,6,0.006309999032701322,2026-03-31,2026-08-31,Ishares Inc Msci,,,524
AMTX,-0.003550840243602189,-0.003769126449974789,3,0.005383444032059907,2021-05-31,2021-07-31,Aemetis Inc,,,525
YINN,-0.0027704050519185806,-0.004031180802798774,3,0.012922072995980976,2026-03-31,2026-05-31,Direxion Shs Etf Tr Dl Ftse,,,526
PLBY,-0.00391322170938972,-0.004192696281324069,6,0.004089142382020224,2021-05-31,2022-04-30,Plby Group Inc,,,527
EFA,-0.0073097743298534005,-0.004973008797229527,37,0.014162683520366402,2021-08-31,2026-05-31,Ishares Tr,,,528
PLTR,-0.00033595020044740196,-0.005023897249099191,9,0.019788979667296112,2025-11-30,2026-07-31,Palantir Technologies Inc,,,529
IPO,-0.0015164557267935794,-0.005221076116070769,7,0.020148681919145477,2021-01-31,2021-07-31,Renaissance Cap Greenwich Fd,,,530
CWEB,-0.004034329994330209,-0.005323947181786503,16,0.0033946486518447046,2025-02-28,2026-05-31,Direxion Shs Etf Tr,,,531
GOSS,-0.005530087982325064,-0.005341163568744111,7,0.0045994444305495754,2022-08-31,2023-02-28,Gossamer Bio Inc,,,532
HYG,0.0019276602012456246,-0.005707303504153667,12,0.023173098228522357,2021-03-31,2026-07-31,Ishares Tr,,,533
SLVR,-0.005056292351204805,-0.007361018617754361,11,0.019715502673350527,2025-09-30,2026-07-31,Sprott Fds Tr,,,534
ARKG,-0.0038346448769274928,-0.009478117882648712,5,0.03411837592165219,2021-03-31,2021-07-31,Ark Etf Tr,,,535
GOOG,-0.009934203829386985,-0.00987716914357178,21,0.03565971908281726,2022-08-31,2025-10-31,Alphabet Inc,,,536
SLV,-0.031085365096930908,-0.056844468321162946,39,0.04568853158169135,2021-01-31,2026-07-31,Ishares Silver Trust,,,537
IBIT,-0.0491463615586845,-0.0622272448203429,19,0.05178969654311311,2025-02-28,2026-08-31,Ishares Bitcoin Trust Etf,,,538
GLD,-0.0494994099904585,-0.08880944580799048,39,0.0965996002978273,2021-01-31,2026-08-31,Spdr Gold Trust,,,539
MSTR,-0.06568836787540111,-0.1122557765442282,36,0.05293857960961734,2023-06-30,2026-08-31,Microstrategy Inc,,,540
