statement_id,account_id,custodian,period_start,period_end,ending_value,beginning_value,stated_deposits,stated_withdrawals,stated_income,stated_fees,stated_pnl,stated_return_pct,source_file,source_pages,notes
DE_SHAW_2013-09,DE_SHAW,SEC 13F clone (EDGAR + Yahoo Finance),2013-09-01,2013-09-30,1000000.0,,,,,,,,hedge13f,,notional $1m invested at the first rebalance
DE_SHAW_2013-10,DE_SHAW,SEC 13F clone (EDGAR + Yahoo Finance),2013-10-01,2013-10-31,1044379.28,,,,,,,,hedge13f,,priced coverage 67%
DE_SHAW_2013-11,DE_SHAW,SEC 13F clone (EDGAR + Yahoo Finance),2013-11-01,2013-11-30,1079222.22,,,,,,,,hedge13f,,priced coverage 67%
DE_SHAW_2013-12,DE_SHAW,SEC 13F clone (EDGAR + Yahoo Finance),2013-12-01,2013-12-31,1118819.83,,,,,,,,hedge13f,,priced coverage 66%
DE_SHAW_2014-01,DE_SHAW,SEC 13F clone (EDGAR + Yahoo Finance),2014-01-01,2014-01-31,1081800.4,,,,,,,,hedge13f,,priced coverage 66%
DE_SHAW_2014-02,DE_SHAW,SEC 13F clone (EDGAR + Yahoo Finance),2014-02-01,2014-02-28,1123924.23,,,,,,,,hedge13f,,priced coverage 66%
DE_SHAW_2014-03,DE_SHAW,SEC 13F clone (EDGAR + Yahoo Finance),2014-03-01,2014-03-31,1133269.32,,,,,,,,hedge13f,,priced coverage 68%
DE_SHAW_2014-04,DE_SHAW,SEC 13F clone (EDGAR + Yahoo Finance),2014-04-01,2014-04-30,1148549.21,,,,,,,,hedge13f,,priced coverage 68%
DE_SHAW_2014-05,DE_SHAW,SEC 13F clone (EDGAR + Yahoo Finance),2014-05-01,2014-05-31,1178572.5,,,,,,,,hedge13f,,priced coverage 68%
DE_SHAW_2014-06,DE_SHAW,SEC 13F clone (EDGAR + Yahoo Finance),2014-06-01,2014-06-30,1189307.8,,,,,,,,hedge13f,,priced coverage 69%
DE_SHAW_2014-07,DE_SHAW,SEC 13F clone (EDGAR + Yahoo Finance),2014-07-01,2014-07-31,1178994.07,,,,,,,,hedge13f,,priced coverage 69%
DE_SHAW_2014-08,DE_SHAW,SEC 13F clone (EDGAR + Yahoo Finance),2014-08-01,2014-08-31,1238235.86,,,,,,,,hedge13f,,priced coverage 69%
DE_SHAW_2014-09,DE_SHAW,SEC 13F clone (EDGAR + Yahoo Finance),2014-09-01,2014-09-30,1215680.69,,,,,,,,hedge13f,,priced coverage 62%
DE_SHAW_2014-10,DE_SHAW,SEC 13F clone (EDGAR + Yahoo Finance),2014-10-01,2014-10-31,1239466.02,,,,,,,,hedge13f,,priced coverage 62%
DE_SHAW_2014-11,DE_SHAW,SEC 13F clone (EDGAR + Yahoo Finance),2014-11-01,2014-11-30,1282751.36,,,,,,,,hedge13f,,priced coverage 62%
DE_SHAW_2014-12,DE_SHAW,SEC 13F clone (EDGAR + Yahoo Finance),2014-12-01,2014-12-31,1266468.45,,,,,,,,hedge13f,,priced coverage 67%
DE_SHAW_2015-01,DE_SHAW,SEC 13F clone (EDGAR + Yahoo Finance),2015-01-01,2015-01-31,1246302.04,,,,,,,,hedge13f,,priced coverage 67%
DE_SHAW_2015-02,DE_SHAW,SEC 13F clone (EDGAR + Yahoo Finance),2015-02-01,2015-02-28,1334896.14,,,,,,,,hedge13f,,priced coverage 67%
DE_SHAW_2015-03,DE_SHAW,SEC 13F clone (EDGAR + Yahoo Finance),2015-03-01,2015-03-31,1305447.65,,,,,,,,hedge13f,,priced coverage 63%
DE_SHAW_2015-04,DE_SHAW,SEC 13F clone (EDGAR + Yahoo Finance),2015-04-01,2015-04-30,1327203.0,,,,,,,,hedge13f,,priced coverage 63%
DE_SHAW_2015-05,DE_SHAW,SEC 13F clone (EDGAR + Yahoo Finance),2015-05-01,2015-05-31,1363359.42,,,,,,,,hedge13f,,priced coverage 63%
DE_SHAW_2015-06,DE_SHAW,SEC 13F clone (EDGAR + Yahoo Finance),2015-06-01,2015-06-30,1348084.45,,,,,,,,hedge13f,,priced coverage 65%
DE_SHAW_2015-07,DE_SHAW,SEC 13F clone (EDGAR + Yahoo Finance),2015-07-01,2015-07-31,1388336.5,,,,,,,,hedge13f,,priced coverage 65%
DE_SHAW_2015-08,DE_SHAW,SEC 13F clone (EDGAR + Yahoo Finance),2015-08-01,2015-08-31,1313431.49,,,,,,,,hedge13f,,priced coverage 65%
DE_SHAW_2015-09,DE_SHAW,SEC 13F clone (EDGAR + Yahoo Finance),2015-09-01,2015-09-30,1240870.52,,,,,,,,hedge13f,,priced coverage 63%
DE_SHAW_2015-10,DE_SHAW,SEC 13F clone (EDGAR + Yahoo Finance),2015-10-01,2015-10-31,1356698.77,,,,,,,,hedge13f,,priced coverage 63%
DE_SHAW_2015-11,DE_SHAW,SEC 13F clone (EDGAR + Yahoo Finance),2015-11-01,2015-11-30,1385845.09,,,,,,,,hedge13f,,priced coverage 63%
DE_SHAW_2015-12,DE_SHAW,SEC 13F clone (EDGAR + Yahoo Finance),2015-12-01,2015-12-31,1323813.24,,,,,,,,hedge13f,,priced coverage 66%
DE_SHAW_2016-01,DE_SHAW,SEC 13F clone (EDGAR + Yahoo Finance),2016-01-01,2016-01-31,1220530.94,,,,,,,,hedge13f,,priced coverage 66%
DE_SHAW_2016-02,DE_SHAW,SEC 13F clone (EDGAR + Yahoo Finance),2016-02-01,2016-02-29,1214867.57,,,,,,,,hedge13f,,priced coverage 66%
DE_SHAW_2016-03,DE_SHAW,SEC 13F clone (EDGAR + Yahoo Finance),2016-03-01,2016-03-31,1268190.47,,,,,,,,hedge13f,,priced coverage 71%
DE_SHAW_2016-04,DE_SHAW,SEC 13F clone (EDGAR + Yahoo Finance),2016-04-01,2016-04-30,1289374.24,,,,,,,,hedge13f,,priced coverage 71%
DE_SHAW_2016-05,DE_SHAW,SEC 13F clone (EDGAR + Yahoo Finance),2016-05-01,2016-05-31,1294975.15,,,,,,,,hedge13f,,priced coverage 71%
DE_SHAW_2016-06,DE_SHAW,SEC 13F clone (EDGAR + Yahoo Finance),2016-06-01,2016-06-30,1274029.3,,,,,,,,hedge13f,,priced coverage 66%
DE_SHAW_2016-07,DE_SHAW,SEC 13F clone (EDGAR + Yahoo Finance),2016-07-01,2016-07-31,1337213.98,,,,,,,,hedge13f,,priced coverage 66%
DE_SHAW_2016-08,DE_SHAW,SEC 13F clone (EDGAR + Yahoo Finance),2016-08-01,2016-08-31,1354585.66,,,,,,,,hedge13f,,priced coverage 66%
DE_SHAW_2016-09,DE_SHAW,SEC 13F clone (EDGAR + Yahoo Finance),2016-09-01,2016-09-30,1361206.36,,,,,,,,hedge13f,,priced coverage 76%
DE_SHAW_2016-10,DE_SHAW,SEC 13F clone (EDGAR + Yahoo Finance),2016-10-01,2016-10-31,1326283.75,,,,,,,,hedge13f,,priced coverage 76%
DE_SHAW_2016-11,DE_SHAW,SEC 13F clone (EDGAR + Yahoo Finance),2016-11-01,2016-11-30,1365917.71,,,,,,,,hedge13f,,priced coverage 76%
DE_SHAW_2016-12,DE_SHAW,SEC 13F clone (EDGAR + Yahoo Finance),2016-12-01,2016-12-31,1386687.19,,,,,,,,hedge13f,,priced coverage 77%
DE_SHAW_2017-01,DE_SHAW,SEC 13F clone (EDGAR + Yahoo Finance),2017-01-01,2017-01-31,1415944.96,,,,,,,,hedge13f,,priced coverage 77%
DE_SHAW_2017-02,DE_SHAW,SEC 13F clone (EDGAR + Yahoo Finance),2017-02-01,2017-02-28,1477702.38,,,,,,,,hedge13f,,priced coverage 77%
DE_SHAW_2017-03,DE_SHAW,SEC 13F clone (EDGAR + Yahoo Finance),2017-03-01,2017-03-31,1492779.02,,,,,,,,hedge13f,,priced coverage 79%
DE_SHAW_2017-04,DE_SHAW,SEC 13F clone (EDGAR + Yahoo Finance),2017-04-01,2017-04-30,1526446.5,,,,,,,,hedge13f,,priced coverage 79%
DE_SHAW_2017-05,DE_SHAW,SEC 13F clone (EDGAR + Yahoo Finance),2017-05-01,2017-05-31,1576923.12,,,,,,,,hedge13f,,priced coverage 79%
DE_SHAW_2017-06,DE_SHAW,SEC 13F clone (EDGAR + Yahoo Finance),2017-06-01,2017-06-30,1573254.77,,,,,,,,hedge13f,,priced coverage 80%
DE_SHAW_2017-07,DE_SHAW,SEC 13F clone (EDGAR + Yahoo Finance),2017-07-01,2017-07-31,1627095.71,,,,,,,,hedge13f,,priced coverage 80%
DE_SHAW_2017-08,DE_SHAW,SEC 13F clone (EDGAR + Yahoo Finance),2017-08-01,2017-08-31,1675498.55,,,,,,,,hedge13f,,priced coverage 80%
DE_SHAW_2017-09,DE_SHAW,SEC 13F clone (EDGAR + Yahoo Finance),2017-09-01,2017-09-30,1710256.98,,,,,,,,hedge13f,,priced coverage 83%
DE_SHAW_2017-10,DE_SHAW,SEC 13F clone (EDGAR + Yahoo Finance),2017-10-01,2017-10-31,1741808.44,,,,,,,,hedge13f,,priced coverage 83%
DE_SHAW_2017-11,DE_SHAW,SEC 13F clone (EDGAR + Yahoo Finance),2017-11-01,2017-11-30,1782723.86,,,,,,,,hedge13f,,priced coverage 83%
DE_SHAW_2017-12,DE_SHAW,SEC 13F clone (EDGAR + Yahoo Finance),2017-12-01,2017-12-31,1802961.3,,,,,,,,hedge13f,,priced coverage 80%
DE_SHAW_2018-01,DE_SHAW,SEC 13F clone (EDGAR + Yahoo Finance),2018-01-01,2018-01-31,1910296.34,,,,,,,,hedge13f,,priced coverage 80%
DE_SHAW_2018-02,DE_SHAW,SEC 13F clone (EDGAR + Yahoo Finance),2018-02-01,2018-02-28,1861777.46,,,,,,,,hedge13f,,priced coverage 80%
DE_SHAW_2018-03,DE_SHAW,SEC 13F clone (EDGAR + Yahoo Finance),2018-03-01,2018-03-31,1815552.16,,,,,,,,hedge13f,,priced coverage 76%
DE_SHAW_2018-04,DE_SHAW,SEC 13F clone (EDGAR + Yahoo Finance),2018-04-01,2018-04-30,1806220.62,,,,,,,,hedge13f,,priced coverage 76%
DE_SHAW_2018-05,DE_SHAW,SEC 13F clone (EDGAR + Yahoo Finance),2018-05-01,2018-05-31,1875080.69,,,,,,,,hedge13f,,priced coverage 76%
DE_SHAW_2018-06,DE_SHAW,SEC 13F clone (EDGAR + Yahoo Finance),2018-06-01,2018-06-30,1885372.7,,,,,,,,hedge13f,,priced coverage 81%
DE_SHAW_2018-07,DE_SHAW,SEC 13F clone (EDGAR + Yahoo Finance),2018-07-01,2018-07-31,1931047.06,,,,,,,,hedge13f,,priced coverage 81%
DE_SHAW_2018-08,DE_SHAW,SEC 13F clone (EDGAR + Yahoo Finance),2018-08-01,2018-08-31,2021931.47,,,,,,,,hedge13f,,priced coverage 81%
DE_SHAW_2018-09,DE_SHAW,SEC 13F clone (EDGAR + Yahoo Finance),2018-09-01,2018-09-30,2014058.18,,,,,,,,hedge13f,,priced coverage 82%
DE_SHAW_2018-10,DE_SHAW,SEC 13F clone (EDGAR + Yahoo Finance),2018-10-01,2018-10-31,1831680.19,,,,,,,,hedge13f,,priced coverage 82%
DE_SHAW_2018-11,DE_SHAW,SEC 13F clone (EDGAR + Yahoo Finance),2018-11-01,2018-11-30,1816487.68,,,,,,,,hedge13f,,priced coverage 82%
DE_SHAW_2018-12,DE_SHAW,SEC 13F clone (EDGAR + Yahoo Finance),2018-12-01,2018-12-31,1668960.42,,,,,,,,hedge13f,,priced coverage 88%
DE_SHAW_2019-01,DE_SHAW,SEC 13F clone (EDGAR + Yahoo Finance),2019-01-01,2019-01-31,1810186.07,,,,,,,,hedge13f,,priced coverage 88%
DE_SHAW_2019-02,DE_SHAW,SEC 13F clone (EDGAR + Yahoo Finance),2019-02-01,2019-02-28,1878915.42,,,,,,,,hedge13f,,priced coverage 88%
DE_SHAW_2019-03,DE_SHAW,SEC 13F clone (EDGAR + Yahoo Finance),2019-03-01,2019-03-31,1922202.18,,,,,,,,hedge13f,,priced coverage 85%
DE_SHAW_2019-04,DE_SHAW,SEC 13F clone (EDGAR + Yahoo Finance),2019-04-01,2019-04-30,2040899.12,,,,,,,,hedge13f,,priced coverage 85%
DE_SHAW_2019-05,DE_SHAW,SEC 13F clone (EDGAR + Yahoo Finance),2019-05-01,2019-05-31,1839662.66,,,,,,,,hedge13f,,priced coverage 85%
DE_SHAW_2019-06,DE_SHAW,SEC 13F clone (EDGAR + Yahoo Finance),2019-06-01,2019-06-30,1988520.14,,,,,,,,hedge13f,,priced coverage 89%
DE_SHAW_2019-07,DE_SHAW,SEC 13F clone (EDGAR + Yahoo Finance),2019-07-01,2019-07-31,2016045.45,,,,,,,,hedge13f,,priced coverage 89%
DE_SHAW_2019-08,DE_SHAW,SEC 13F clone (EDGAR + Yahoo Finance),2019-08-01,2019-08-31,1975149.39,,,,,,,,hedge13f,,priced coverage 89%
DE_SHAW_2019-09,DE_SHAW,SEC 13F clone (EDGAR + Yahoo Finance),2019-09-01,2019-09-30,2005367.81,,,,,,,,hedge13f,,priced coverage 89%
DE_SHAW_2019-10,DE_SHAW,SEC 13F clone (EDGAR + Yahoo Finance),2019-10-01,2019-10-31,2062063.04,,,,,,,,hedge13f,,priced coverage 89%
DE_SHAW_2019-11,DE_SHAW,SEC 13F clone (EDGAR + Yahoo Finance),2019-11-01,2019-11-30,2154255.86,,,,,,,,hedge13f,,priced coverage 89%
DE_SHAW_2019-12,DE_SHAW,SEC 13F clone (EDGAR + Yahoo Finance),2019-12-01,2019-12-31,2236278.44,,,,,,,,hedge13f,,priced coverage 95%
DE_SHAW_2020-01,DE_SHAW,SEC 13F clone (EDGAR + Yahoo Finance),2020-01-01,2020-01-31,2237974.26,,,,,,,,hedge13f,,priced coverage 95%
DE_SHAW_2020-02,DE_SHAW,SEC 13F clone (EDGAR + Yahoo Finance),2020-02-01,2020-02-29,2087139.0,,,,,,,,hedge13f,,priced coverage 95%
DE_SHAW_2020-03,DE_SHAW,SEC 13F clone (EDGAR + Yahoo Finance),2020-03-01,2020-03-31,1846477.99,,,,,,,,hedge13f,,priced coverage 96%
DE_SHAW_2020-04,DE_SHAW,SEC 13F clone (EDGAR + Yahoo Finance),2020-04-01,2020-04-30,2140998.38,,,,,,,,hedge13f,,priced coverage 96%
DE_SHAW_2020-05,DE_SHAW,SEC 13F clone (EDGAR + Yahoo Finance),2020-05-01,2020-05-31,2285689.11,,,,,,,,hedge13f,,priced coverage 96%
DE_SHAW_2020-06,DE_SHAW,SEC 13F clone (EDGAR + Yahoo Finance),2020-06-01,2020-06-30,2366563.65,,,,,,,,hedge13f,,priced coverage 93%
DE_SHAW_2020-07,DE_SHAW,SEC 13F clone (EDGAR + Yahoo Finance),2020-07-01,2020-07-31,2550137.39,,,,,,,,hedge13f,,priced coverage 93%
DE_SHAW_2020-08,DE_SHAW,SEC 13F clone (EDGAR + Yahoo Finance),2020-08-01,2020-08-31,2798201.51,,,,,,,,hedge13f,,priced coverage 93%
DE_SHAW_2020-09,DE_SHAW,SEC 13F clone (EDGAR + Yahoo Finance),2020-09-01,2020-09-30,2673053.25,,,,,,,,hedge13f,,priced coverage 99%
DE_SHAW_2020-10,DE_SHAW,SEC 13F clone (EDGAR + Yahoo Finance),2020-10-01,2020-10-31,2565787.78,,,,,,,,hedge13f,,priced coverage 99%
DE_SHAW_2020-11,DE_SHAW,SEC 13F clone (EDGAR + Yahoo Finance),2020-11-01,2020-11-30,2878802.92,,,,,,,,hedge13f,,priced coverage 99%
DE_SHAW_2020-12,DE_SHAW,SEC 13F clone (EDGAR + Yahoo Finance),2020-12-01,2020-12-31,3024488.16,,,,,,,,hedge13f,,priced coverage 98%
DE_SHAW_2021-01,DE_SHAW,SEC 13F clone (EDGAR + Yahoo Finance),2021-01-01,2021-01-31,3090893.7,,,,,,,,hedge13f,,priced coverage 98%
DE_SHAW_2021-02,DE_SHAW,SEC 13F clone (EDGAR + Yahoo Finance),2021-02-01,2021-02-28,3047655.16,,,,,,,,hedge13f,,priced coverage 98%
DE_SHAW_2021-03,DE_SHAW,SEC 13F clone (EDGAR + Yahoo Finance),2021-03-01,2021-03-31,3047282.97,,,,,,,,hedge13f,,priced coverage 96%
DE_SHAW_2021-04,DE_SHAW,SEC 13F clone (EDGAR + Yahoo Finance),2021-04-01,2021-04-30,3229071.21,,,,,,,,hedge13f,,priced coverage 96%
DE_SHAW_2021-05,DE_SHAW,SEC 13F clone (EDGAR + Yahoo Finance),2021-05-01,2021-05-31,3185185.89,,,,,,,,hedge13f,,priced coverage 96%
DE_SHAW_2021-06,DE_SHAW,SEC 13F clone (EDGAR + Yahoo Finance),2021-06-01,2021-06-30,3382258.96,,,,,,,,hedge13f,,priced coverage 96%
DE_SHAW_2021-07,DE_SHAW,SEC 13F clone (EDGAR + Yahoo Finance),2021-07-01,2021-07-31,3386318.14,,,,,,,,hedge13f,,priced coverage 96%
DE_SHAW_2021-08,DE_SHAW,SEC 13F clone (EDGAR + Yahoo Finance),2021-08-01,2021-08-31,3433984.54,,,,,,,,hedge13f,,priced coverage 96%
DE_SHAW_2021-09,DE_SHAW,SEC 13F clone (EDGAR + Yahoo Finance),2021-09-01,2021-09-30,3288546.21,,,,,,,,hedge13f,,priced coverage 95%
DE_SHAW_2021-10,DE_SHAW,SEC 13F clone (EDGAR + Yahoo Finance),2021-10-01,2021-10-31,3546105.37,,,,,,,,hedge13f,,priced coverage 95%
DE_SHAW_2021-11,DE_SHAW,SEC 13F clone (EDGAR + Yahoo Finance),2021-11-01,2021-11-30,3547484.63,,,,,,,,hedge13f,,priced coverage 95%
DE_SHAW_2021-12,DE_SHAW,SEC 13F clone (EDGAR + Yahoo Finance),2021-12-01,2021-12-31,3609579.82,,,,,,,,hedge13f,,priced coverage 85%
DE_SHAW_2022-01,DE_SHAW,SEC 13F clone (EDGAR + Yahoo Finance),2022-01-01,2022-01-31,3373628.13,,,,,,,,hedge13f,,priced coverage 85%
DE_SHAW_2022-02,DE_SHAW,SEC 13F clone (EDGAR + Yahoo Finance),2022-02-01,2022-02-28,3313106.61,,,,,,,,hedge13f,,priced coverage 85%
DE_SHAW_2022-03,DE_SHAW,SEC 13F clone (EDGAR + Yahoo Finance),2022-03-01,2022-03-31,3406563.88,,,,,,,,hedge13f,,priced coverage 91%
DE_SHAW_2022-04,DE_SHAW,SEC 13F clone (EDGAR + Yahoo Finance),2022-04-01,2022-04-30,2930042.03,,,,,,,,hedge13f,,priced coverage 91%
DE_SHAW_2022-05,DE_SHAW,SEC 13F clone (EDGAR + Yahoo Finance),2022-05-01,2022-05-31,2872634.15,,,,,,,,hedge13f,,priced coverage 91%
DE_SHAW_2022-06,DE_SHAW,SEC 13F clone (EDGAR + Yahoo Finance),2022-06-01,2022-06-30,2571676.65,,,,,,,,hedge13f,,priced coverage 93%
DE_SHAW_2022-07,DE_SHAW,SEC 13F clone (EDGAR + Yahoo Finance),2022-07-01,2022-07-31,2878587.71,,,,,,,,hedge13f,,priced coverage 93%
DE_SHAW_2022-08,DE_SHAW,SEC 13F clone (EDGAR + Yahoo Finance),2022-08-01,2022-08-31,2807969.67,,,,,,,,hedge13f,,priced coverage 93%
DE_SHAW_2022-09,DE_SHAW,SEC 13F clone (EDGAR + Yahoo Finance),2022-09-01,2022-09-30,2555657.2,,,,,,,,hedge13f,,priced coverage 93%
DE_SHAW_2022-10,DE_SHAW,SEC 13F clone (EDGAR + Yahoo Finance),2022-10-01,2022-10-31,2711798.59,,,,,,,,hedge13f,,priced coverage 93%
DE_SHAW_2022-11,DE_SHAW,SEC 13F clone (EDGAR + Yahoo Finance),2022-11-01,2022-11-30,2845670.18,,,,,,,,hedge13f,,priced coverage 93%
DE_SHAW_2022-12,DE_SHAW,SEC 13F clone (EDGAR + Yahoo Finance),2022-12-01,2022-12-31,2611795.38,,,,,,,,hedge13f,,priced coverage 94%
DE_SHAW_2023-01,DE_SHAW,SEC 13F clone (EDGAR + Yahoo Finance),2023-01-01,2023-01-31,2848583.22,,,,,,,,hedge13f,,priced coverage 94%
DE_SHAW_2023-02,DE_SHAW,SEC 13F clone (EDGAR + Yahoo Finance),2023-02-01,2023-02-28,2830906.71,,,,,,,,hedge13f,,priced coverage 94%
DE_SHAW_2023-03,DE_SHAW,SEC 13F clone (EDGAR + Yahoo Finance),2023-03-01,2023-03-31,2972989.12,,,,,,,,hedge13f,,priced coverage 97%
DE_SHAW_2023-04,DE_SHAW,SEC 13F clone (EDGAR + Yahoo Finance),2023-04-01,2023-04-30,2990630.07,,,,,,,,hedge13f,,priced coverage 97%
DE_SHAW_2023-05,DE_SHAW,SEC 13F clone (EDGAR + Yahoo Finance),2023-05-01,2023-05-31,3064456.43,,,,,,,,hedge13f,,priced coverage 97%
DE_SHAW_2023-06,DE_SHAW,SEC 13F clone (EDGAR + Yahoo Finance),2023-06-01,2023-06-30,3323882.68,,,,,,,,hedge13f,,priced coverage 95%
DE_SHAW_2023-07,DE_SHAW,SEC 13F clone (EDGAR + Yahoo Finance),2023-07-01,2023-07-31,3434638.19,,,,,,,,hedge13f,,priced coverage 95%
DE_SHAW_2023-08,DE_SHAW,SEC 13F clone (EDGAR + Yahoo Finance),2023-08-01,2023-08-31,3350043.77,,,,,,,,hedge13f,,priced coverage 95%
DE_SHAW_2023-09,DE_SHAW,SEC 13F clone (EDGAR + Yahoo Finance),2023-09-01,2023-09-30,3196224.29,,,,,,,,hedge13f,,priced coverage 97%
DE_SHAW_2023-10,DE_SHAW,SEC 13F clone (EDGAR + Yahoo Finance),2023-10-01,2023-10-31,3112490.89,,,,,,,,hedge13f,,priced coverage 97%
DE_SHAW_2023-11,DE_SHAW,SEC 13F clone (EDGAR + Yahoo Finance),2023-11-01,2023-11-30,3454608.08,,,,,,,,hedge13f,,priced coverage 97%
DE_SHAW_2023-12,DE_SHAW,SEC 13F clone (EDGAR + Yahoo Finance),2023-12-01,2023-12-31,3602208.97,,,,,,,,hedge13f,,priced coverage 91%
DE_SHAW_2024-01,DE_SHAW,SEC 13F clone (EDGAR + Yahoo Finance),2024-01-01,2024-01-31,3679961.07,,,,,,,,hedge13f,,priced coverage 91%
DE_SHAW_2024-02,DE_SHAW,SEC 13F clone (EDGAR + Yahoo Finance),2024-02-01,2024-02-29,3971032.51,,,,,,,,hedge13f,,priced coverage 91%
DE_SHAW_2024-03,DE_SHAW,SEC 13F clone (EDGAR + Yahoo Finance),2024-03-01,2024-03-31,4050251.39,,,,,,,,hedge13f,,priced coverage 96%
DE_SHAW_2024-04,DE_SHAW,SEC 13F clone (EDGAR + Yahoo Finance),2024-04-01,2024-04-30,3828678.18,,,,,,,,hedge13f,,priced coverage 96%
DE_SHAW_2024-05,DE_SHAW,SEC 13F clone (EDGAR + Yahoo Finance),2024-05-01,2024-05-31,4064702.79,,,,,,,,hedge13f,,priced coverage 96%
DE_SHAW_2024-06,DE_SHAW,SEC 13F clone (EDGAR + Yahoo Finance),2024-06-01,2024-06-30,4317820.43,,,,,,,,hedge13f,,priced coverage 95%
DE_SHAW_2024-07,DE_SHAW,SEC 13F clone (EDGAR + Yahoo Finance),2024-07-01,2024-07-31,4231589.43,,,,,,,,hedge13f,,priced coverage 95%
DE_SHAW_2024-08,DE_SHAW,SEC 13F clone (EDGAR + Yahoo Finance),2024-08-01,2024-08-31,4398062.8,,,,,,,,hedge13f,,priced coverage 95%
DE_SHAW_2024-09,DE_SHAW,SEC 13F clone (EDGAR + Yahoo Finance),2024-09-01,2024-09-30,4514165.04,,,,,,,,hedge13f,,priced coverage 94%
DE_SHAW_2024-10,DE_SHAW,SEC 13F clone (EDGAR + Yahoo Finance),2024-10-01,2024-10-31,4507396.36,,,,,,,,hedge13f,,priced coverage 94%
DE_SHAW_2024-11,DE_SHAW,SEC 13F clone (EDGAR + Yahoo Finance),2024-11-01,2024-11-30,4883283.55,,,,,,,,hedge13f,,priced coverage 94%
DE_SHAW_2024-12,DE_SHAW,SEC 13F clone (EDGAR + Yahoo Finance),2024-12-01,2024-12-31,4788059.55,,,,,,,,hedge13f,,priced coverage 98%
DE_SHAW_2025-01,DE_SHAW,SEC 13F clone (EDGAR + Yahoo Finance),2025-01-01,2025-01-31,4934141.32,,,,,,,,hedge13f,,priced coverage 98%
DE_SHAW_2025-02,DE_SHAW,SEC 13F clone (EDGAR + Yahoo Finance),2025-02-01,2025-02-28,4795929.37,,,,,,,,hedge13f,,priced coverage 98%
DE_SHAW_2025-03,DE_SHAW,SEC 13F clone (EDGAR + Yahoo Finance),2025-03-01,2025-03-31,4422871.5,,,,,,,,hedge13f,,priced coverage 99%
DE_SHAW_2025-04,DE_SHAW,SEC 13F clone (EDGAR + Yahoo Finance),2025-04-01,2025-04-30,4512539.57,,,,,,,,hedge13f,,priced coverage 99%
DE_SHAW_2025-05,DE_SHAW,SEC 13F clone (EDGAR + Yahoo Finance),2025-05-01,2025-05-31,4927773.64,,,,,,,,hedge13f,,priced coverage 99%
DE_SHAW_2025-06,DE_SHAW,SEC 13F clone (EDGAR + Yahoo Finance),2025-06-01,2025-06-30,5260473.66,,,,,,,,hedge13f,,priced coverage 98%
DE_SHAW_2025-07,DE_SHAW,SEC 13F clone (EDGAR + Yahoo Finance),2025-07-01,2025-07-31,5395673.75,,,,,,,,hedge13f,,priced coverage 98%
DE_SHAW_2025-08,DE_SHAW,SEC 13F clone (EDGAR + Yahoo Finance),2025-08-01,2025-08-31,5518418.71,,,,,,,,hedge13f,,priced coverage 98%
DE_SHAW_2025-09,DE_SHAW,SEC 13F clone (EDGAR + Yahoo Finance),2025-09-01,2025-09-30,5793135.44,,,,,,,,hedge13f,,priced coverage 99%
DE_SHAW_2025-10,DE_SHAW,SEC 13F clone (EDGAR + Yahoo Finance),2025-10-01,2025-10-31,5959005.86,,,,,,,,hedge13f,,priced coverage 99%
DE_SHAW_2025-11,DE_SHAW,SEC 13F clone (EDGAR + Yahoo Finance),2025-11-01,2025-11-30,5887420.92,,,,,,,,hedge13f,,priced coverage 99%
DE_SHAW_2025-12,DE_SHAW,SEC 13F clone (EDGAR + Yahoo Finance),2025-12-01,2025-12-31,5938356.83,,,,,,,,hedge13f,,priced coverage 96%
DE_SHAW_2026-01,DE_SHAW,SEC 13F clone (EDGAR + Yahoo Finance),2026-01-01,2026-01-31,6049334.45,,,,,,,,hedge13f,,priced coverage 96%
DE_SHAW_2026-02,DE_SHAW,SEC 13F clone (EDGAR + Yahoo Finance),2026-02-01,2026-02-28,5838563.22,,,,,,,,hedge13f,,priced coverage 96%
DE_SHAW_2026-03,DE_SHAW,SEC 13F clone (EDGAR + Yahoo Finance),2026-03-01,2026-03-31,5517006.45,,,,,,,,hedge13f,,priced coverage 100%
DE_SHAW_2026-04,DE_SHAW,SEC 13F clone (EDGAR + Yahoo Finance),2026-04-01,2026-04-30,6269150.22,,,,,,,,hedge13f,,priced coverage 100%
DE_SHAW_2026-05,DE_SHAW,SEC 13F clone (EDGAR + Yahoo Finance),2026-05-01,2026-05-31,6819166.17,,,,,,,,hedge13f,,priced coverage 100%
DE_SHAW_2026-06,DE_SHAW,SEC 13F clone (EDGAR + Yahoo Finance),2026-06-01,2026-06-30,6842114.57,,,,,,,,hedge13f,,priced coverage 98%
DE_SHAW_2026-07,DE_SHAW,SEC 13F clone (EDGAR + Yahoo Finance),2026-07-01,2026-07-31,6728108.85,,,,,,,,hedge13f,,priced coverage 98%
DE_SHAW_2026-08,DE_SHAW,SEC 13F clone (EDGAR + Yahoo Finance),2026-08-01,2026-08-31,6989890.17,,,,,,,,hedge13f,,priced coverage 98%
