month,ticker,weight
2013-10,AAPL,0.14135190214065535
2013-10,META,0.01662735537830305
2013-10,MSFT,0.01350583043370351
2013-10,AMZN,0.019232574185611327
2013-10,MPC,0.022483931801890226
2013-10,PFE,0.04535907758897437
2013-11,AAPL,0.14839021943661412
2013-11,META,0.015914461587555686
2013-11,MSFT,0.013759592364517228
2013-11,AMZN,0.021442321460545914
2013-11,MPC,0.02398527704349216
2013-11,PFE,0.046394558722089446
2013-12,AAPL,0.09070004631846415
2013-12,META,0.054495618257453644
2013-12,MSFT,0.024551755760828044
2013-12,AMZN,0.01826832299145014
2013-12,MPC,0.023289109874742166
2014-01,AAPL,0.08826876907283039
2014-01,META,0.06110998840944479
2014-01,MSFT,0.02323561360032302
2014-01,AMZN,0.01785321897851941
2014-01,MPC,0.02490573953103727
2014-02,AAPL,0.08145777555978846
2014-02,META,0.07236045012093191
2014-02,MSFT,0.024306955702627215
2014-02,AMZN,0.016607510424690528
2014-02,MPC,0.024443866730260277
2014-03,AAPL,0.08542406659431542
2014-03,META,0.02631394787723151
2014-03,MSFT,0.022157729599905435
2014-03,AMZN,0.015252537651546296
2014-03,NFLX,0.024042092964199128
2014-03,MPC,0.03125002029601659
2014-03,ABBV,0.015421075773310707
2014-03,VLO,0.01835596095630933
2014-03,CF,0.01799574725386777
2014-04,AAPL,0.08641007090037801
2014-04,META,0.02296349709710419
2014-04,MSFT,0.023512292226371065
2014-04,AMZN,0.014051890777829213
2014-04,NFLX,0.018835683776066675
2014-04,MPC,0.032113959299382426
2014-04,ABBV,0.015441116332361851
2014-04,VLO,0.02014723337160621
2014-04,CF,0.018540186585666526
2014-05,AAPL,0.09373504571943612
2014-05,META,0.022484977450180854
2014-05,MSFT,0.022865574435326733
2014-05,AMZN,0.012536037514358807
2014-05,NFLX,0.01700180562668402
2014-05,MPC,0.03383824770782501
2014-05,ABBV,0.015575411660171843
2014-05,VLO,0.021402892077507903
2014-05,CF,0.01720774696973067
2014-06,AAPL,0.03858254124852121
2014-06,META,0.03815507507322078
2014-06,MU,0.027851540407903216
2014-06,MSFT,0.02367743003855055
2014-06,NFLX,0.03748615927395306
2014-06,MPC,0.027785301394527707
2014-06,ABBV,0.02113452554201617
2014-06,VLO,0.029225228082534936
2014-06,WMB,0.013754769700142163
2014-06,CF,0.017105313014422426
2014-06,PFE,0.017584282829360167
2014-07,AAPL,0.039291910161653586
2014-07,META,0.040193995497435804
2014-07,MU,0.03180918556750538
2014-07,MSFT,0.02389928262416284
2014-07,NFLX,0.03917219157396444
2014-07,MPC,0.02404763167445672
2014-07,ABBV,0.02175714063727147
2014-07,VLO,0.025887014006905747
2014-07,WMB,0.01704812325316208
2014-07,CF,0.016757231388450238
2014-07,PFE,0.017454964848655313
2014-08,AAPL,0.04077442291197603
2014-08,META,0.04377527728609881
2014-08,MU,0.02975027284863467
2014-08,MSFT,0.024952432888810418
2014-08,NFLX,0.037911311114524296
2014-08,MPC,0.02593900312614331
2014-08,ABBV,0.02050751330624983
2014-08,VLO,0.026478340414859587
2014-08,WMB,0.01673047477445751
2014-08,CF,0.017593243524124925
2014-08,PFE,0.017176491826214026
2014-09,AAPL,0.08465723644305745
2014-09,MU,0.028648503188002817
2014-09,MSFT,0.021609932997231435
2014-09,NFLX,0.021720730768771027
2014-09,MPC,0.04661567210725101
2014-09,ABBV,0.027996436081639105
2014-09,VLO,0.040183731209203655
2014-09,CF,0.018988561930743882
2014-10,AAPL,0.08475575102064932
2014-10,MU,0.030665880567259902
2014-10,MSFT,0.022461468819842633
2014-10,NFLX,0.020898130045977535
2014-10,MPC,0.04417292657485524
2014-10,ABBV,0.029795149322128716
2014-10,VLO,0.03497966293082099
2014-10,CF,0.020958420371078066
2014-11,AAPL,0.08911129888903563
2014-11,MU,0.029050247363518897
2014-11,MSFT,0.022310790883215713
2014-11,NFLX,0.0178435300254004
2014-11,MPC,0.046513102352823625
2014-11,ABBV,0.03234679672385145
2014-11,VLO,0.03714084978067186
2014-11,CF,0.01914125503597794
2014-12,AAPL,0.08117733469978172
2014-12,MU,0.03910899730224375
2014-12,MSFT,0.026120225567678082
2014-12,NFLX,0.03196397000496
2014-12,MPC,0.04275305938693014
2014-12,VLO,0.04186323188087704
2014-12,CF,0.023041707207900053
2014-12,PFE,0.020992795037925855
2015-01,AAPL,0.07631005804843953
2015-01,MU,0.03857606271460903
2015-01,MSFT,0.02570347746090682
2015-01,NFLX,0.031909748938463114
2015-01,MPC,0.04338444952172227
2015-01,VLO,0.04317777573643931
2015-01,CF,0.023720033329495495
2015-01,PFE,0.021262698182711984
2015-02,AAPL,0.08230795062277323
2015-02,MU,0.03277326177183164
2015-02,MSFT,0.02271740341570394
2015-02,NFLX,0.041936250332911866
2015-02,MPC,0.04522450614365091
2015-02,VLO,0.04687244832929879
2015-02,CF,0.027008269675754273
2015-02,PFE,0.02167611404402179
2015-03,AAPL,0.04328592833594787
2015-03,META,0.0237888002631802
2015-03,MU,0.02207593182314492
2015-03,MSFT,0.03644952271124301
2015-03,AMZN,0.018850608567103452
2015-03,NFLX,0.024310321049264783
2015-03,MPC,0.06719364068271866
2015-03,ABBV,0.020560656370948695
2015-03,VLO,0.04741474590001972
2015-03,CF,0.03509650806724218
2015-03,PFE,0.018897817109652527
2015-04,AAPL,0.04287379037408369
2015-04,META,0.025326544640637483
2015-04,MU,0.019968387909186196
2015-04,MSFT,0.034560305820961194
2015-04,AMZN,0.018867164924734534
2015-04,NFLX,0.021811243151878806
2015-04,MPC,0.06700148785974958
2015-04,ABBV,0.02034334965154075
2015-04,VLO,0.0500011702411132
2015-04,CF,0.03324550378170613
2015-04,PFE,0.019588756227078553
2015-05,AAPL,0.042415026235427616
2015-05,META,0.023866095802243095
2015-05,MU,0.020365030328492604
2015-05,MSFT,0.04066548081901445
2015-05,AMZN,0.021035609031651584
2015-05,NFLX,0.02865197936892715
2015-05,MPC,0.06344445066386145
2015-05,ABBV,0.022285111616868025
2015-05,VLO,0.04398665688592107
2015-05,CF,0.03313744011186481
2015-05,PFE,0.018791373250831963
2015-06,AAPL,0.04303349263358907
2015-06,META,0.03515325805279461
2015-06,AMZN,0.03930636177413897
2015-06,NFLX,0.017964000214002268
2015-06,MPC,0.05946885149634914
2015-06,VLO,0.04527058381608628
2015-06,CF,0.033439659751448865
2015-07,AAPL,0.04190091194484185
2015-07,META,0.038505594611942785
2015-07,AMZN,0.0402018303198161
2015-07,NFLX,0.019124745768067906
2015-07,MPC,0.06081699758612737
2015-07,VLO,0.04838028733194626
2015-07,CF,0.034409537511441414
2015-08,AAPL,0.03934641879957366
2015-08,META,0.04098122093779029
2015-08,AMZN,0.04821417308719663
2015-08,NFLX,0.02261906122303805
2015-08,MPC,0.06171799061301478
2015-08,VLO,0.04953743987393191
2015-08,CF,0.03077138730915825
2015-09,AAPL,0.028864029801340237
2015-09,MSFT,0.017659622319962116
2015-09,AMZN,0.05643882220085812
2015-09,MPC,0.06965881139913935
2015-09,VLO,0.05749159382369758
2015-09,WMB,0.04025643787190302
2015-09,CF,0.035194993197451306
2015-10,AAPL,0.02988535990095707
2015-10,MSFT,0.019010127547681017
2015-10,AMZN,0.05962265255880238
2015-10,MPC,0.07220484323181874
2015-10,VLO,0.0616328417350911
2015-10,WMB,0.0330325944745145
2015-10,CF,0.02915061531536605
2015-11,AAPL,0.02961378669912197
2015-11,MSFT,0.020679137957258228
2015-11,AMZN,0.0666780122480722
2015-11,MPC,0.07383747244419432
2015-11,VLO,0.061829810835989624
2015-11,WMB,0.03233591711805186
2015-11,CF,0.030147506363712946
2015-12,META,0.031505701029516574
2015-12,MSFT,0.015071654306161766
2015-12,WDC,0.018027849765666452
2015-12,AMZN,0.030215500502038414
2015-12,MPC,0.07266888495770717
2015-12,ABBV,0.01609849764491402
2015-12,VLO,0.03644963370878013
2015-12,PYPL,0.02737027345083402
2015-12,WMB,0.03919211767380841
2015-12,CF,0.03799290977232897
2015-12,PFE,0.023949641052817734
2016-01,META,0.03311489448348227
2016-01,MSFT,0.016105932608741155
2016-01,WDC,0.018310779808483904
2016-01,AMZN,0.032159014079440246
2016-01,MPC,0.06751718286770726
2016-01,ABBV,0.01716875215991218
2016-01,VLO,0.03754695862706166
2016-01,PYPL,0.029416661258110866
2016-01,WMB,0.029535145534824905
2016-01,CF,0.0351786852926852
2016-01,PFE,0.024696998420272523
2016-02,META,0.03850810642700393
2016-02,MSFT,0.01734602808871946
2016-02,WDC,0.015868365837402965
2016-02,AMZN,0.030293033028369002
2016-02,MPC,0.05903363533338822
2016-02,ABBV,0.01743859572834271
2016-02,VLO,0.039088567842236965
2016-02,PYPL,0.03185304034740153
2016-02,WMB,0.02405697932384312
2016-02,CF,0.028048665492126534
2016-02,PFE,0.025301486857081067
2016-03,AAPL,0.04287259902034861
2016-03,GOOG,0.06725225655139407
2016-03,MPC,0.04651656213974961
2016-03,ABBV,0.027326296562368693
2016-03,PYPL,0.03089144251957688
2016-03,WMB,0.025277196168042276
2016-03,CF,0.024949022211492915
2016-03,PFE,0.019431383389935625
2016-04,AAPL,0.046294501926617375
2016-04,GOOG,0.06878062701206962
2016-04,MPC,0.0483727508657652
2016-04,ABBV,0.02738050267206267
2016-04,PYPL,0.029949480237937448
2016-04,WMB,0.025234762434728438
2016-04,CF,0.020543781240301803
2016-04,PFE,0.018595542504026744
2016-05,AAPL,0.039162750617436085
2016-05,GOOG,0.06293381546815476
2016-05,MPC,0.050009371224366925
2016-05,ABBV,0.0290363255846314
2016-05,PYPL,0.02990005395108447
2016-05,WMB,0.029947919841619892
2016-05,CF,0.021321665306370446
2016-05,PFE,0.02018443898707145
2016-06,AAPL,0.02223307598245537
2016-06,AMZN,0.019105956748328285
2016-06,GOOG,0.0595922090224739
2016-06,MPC,0.025568561084725064
2016-06,ABBV,0.02306817066701374
2016-06,PYPL,0.029239990003246116
2016-06,WMB,0.014819646763619609
2016-06,CF,0.018754473491560324
2016-06,PFE,0.028181848542653747
2016-07,AAPL,0.02163454562402136
2016-07,AMZN,0.01922742490727507
2016-07,GOOG,0.05698070486769621
2016-07,MPC,0.028324433928985395
2016-07,ABBV,0.0230673762762312
2016-07,PYPL,0.02871403075180907
2016-07,WMB,0.01514835168046841
2016-07,CF,0.016609317750401562
2016-07,PFE,0.029066178432501224
2016-08,AAPL,0.022468699246502525
2016-08,AMZN,0.019424516173685374
2016-08,GOOG,0.060303861806411896
2016-08,MPC,0.02800266634823609
2016-08,ABBV,0.023717368606475202
2016-08,PYPL,0.02790426114020654
2016-08,WMB,0.015993944540638846
2016-08,CF,0.016205349410237338
2016-08,PFE,0.02901410360962043
2016-09,AAPL,0.018778246559499386
2016-09,META,0.042243556666698816
2016-09,AMZN,0.06942219987731732
2016-09,MPC,0.01367390498842556
2016-09,PYPL,0.03157951254800618
2016-09,PFE,0.017535647196906687
2016-10,AAPL,0.01991099575220178
2016-10,META,0.04275472777487878
2016-10,AMZN,0.07520565074510514
2016-10,MPC,0.012992808192929618
2016-10,PYPL,0.03465733123819192
2016-10,PFE,0.016984008938853826
2016-11,AAPL,0.02052383521894655
2016-11,META,0.04481100204493048
2016-11,AMZN,0.07280812439579253
2016-11,MPC,0.014320506792263144
2016-11,PYPL,0.03616895179419197
2016-11,PFE,0.016319579096841178
2016-12,AAPL,0.05856574773688473
2016-12,NVDA,0.013419401966758912
2016-12,META,0.015020515428932686
2016-12,AMZN,0.07015157403808783
2016-12,GOOG,0.047424382347383026
2016-12,ABBV,0.011346310393083587
2016-12,PFE,0.018445670428280797
2017-01,AAPL,0.060455028373359546
2017-01,NVDA,0.015302956429220967
2017-01,META,0.014374488175574096
2017-01,AMZN,0.06903641499176218
2017-01,GOOG,0.04756327252072803
2017-01,ABBV,0.01151092584467315
2017-01,PFE,0.018361603949013483
2017-02,AAPL,0.06203271275367139
2017-02,NVDA,0.015329341547748633
2017-02,META,0.015945896382839154
2017-02,AMZN,0.07424674874282598
2017-02,GOOG,0.04808744561063619
2017-02,ABBV,0.011112240460453024
2017-02,PFE,0.017566969252726373
2017-03,AAPL,0.04206770347063536
2017-03,NVDA,0.020758634375011346
2017-03,AMZN,0.03124771408538968
2017-03,GOOG,0.07055976801099881
2017-03,NFLX,0.03607919617065516
2017-03,PYPL,0.015059170960034314
2017-03,PFE,0.014452580465932256
2017-04,AAPL,0.04367041379251726
2017-04,NVDA,0.022057549540907738
2017-04,AMZN,0.03245120133004733
2017-04,GOOG,0.07038591626211824
2017-04,NFLX,0.03714209179394322
2017-04,PYPL,0.015269105426842393
2017-04,PFE,0.014344352101164054
2017-05,AAPL,0.04270424205106245
2017-05,NVDA,0.020654184300866386
2017-05,AMZN,0.03311184808932023
2017-05,GOOG,0.07517283857229383
2017-05,NFLX,0.03740168188114118
2017-05,PYPL,0.0165637072137705
2017-05,PFE,0.013909056806243299
2017-06,AAPL,0.06759363292343287
2017-06,AMZN,0.01196992151327542
2017-06,GOOG,0.04058852522156015
2017-06,NFLX,0.03798305024753656
2017-06,ABBV,0.015553245298260325
2017-06,PYPL,0.013053816450384332
2017-07,AAPL,0.06387491916154238
2017-07,AMZN,0.011676722399983458
2017-07,GOOG,0.03831645940966031
2017-07,NFLX,0.03488244467424791
2017-07,ABBV,0.017122017448842276
2017-07,PYPL,0.0134501417324386
2017-08,AAPL,0.06378112376258094
2017-08,AMZN,0.011521042277012101
2017-08,GOOG,0.03793610944160858
2017-08,NFLX,0.041008371684793724
2017-08,ABBV,0.016105290405061517
2017-08,PYPL,0.014187574586681814
2017-09,AAPL,0.07358425933827269
2017-09,NVDA,0.014501058320232645
2017-09,GOOG,0.0618006296116616
2017-09,NFLX,0.021324627724218014
2017-09,MPC,0.012765008485900946
2017-09,ABBV,0.014334920904101564
2017-09,PYPL,0.029475956124659357
2017-10,AAPL,0.06774587056737709
2017-10,NVDA,0.01498859911256708
2017-10,GOOG,0.06181954677335726
2017-10,NFLX,0.0216852247992529
2017-10,MPC,0.013371076379170933
2017-10,ABBV,0.01657255137059774
2017-10,PYPL,0.029977105204023618
2017-11,AAPL,0.07295823809464264
2017-11,NVDA,0.017025462782717493
2017-11,GOOG,0.06434066352586143
2017-11,NFLX,0.023062965690517783
2017-11,MPC,0.01398571255820138
2017-11,ABBV,0.016642192413374935
2017-11,PYPL,0.03335526938964162
2017-12,AAPL,0.0785710262594223
2017-12,META,0.02064459973506256
2017-12,TSLA,0.015300588550679808
2017-12,MU,0.01407176603219248
2017-12,GOOG,0.05881876908473256
2017-12,NFLX,0.029685567647982847
2017-12,MPC,0.023691291303661818
2017-12,PYPL,0.0153429902382034
2018-01,AAPL,0.07650468211200404
2018-01,META,0.02032992251186197
2018-01,TSLA,0.015251306900822872
2018-01,MU,0.013496962020194419
2018-01,GOOG,0.059581473920472756
2018-01,NFLX,0.030037738662531857
2018-01,MPC,0.02467835380298878
2018-01,PYPL,0.014748079914086257
2018-02,AAPL,0.0714380344014635
2018-02,META,0.02032175460368476
2018-02,TSLA,0.016380504281811214
2018-02,MU,0.013544056397726935
2018-02,GOOG,0.06287280107418373
2018-02,NFLX,0.03991978829130678
2018-02,MPC,0.024453148005211908
2018-02,PYPL,0.016131554177482976
2018-03,AAPL,0.056715988536797435
2018-03,META,0.04964599987711463
2018-03,MSFT,0.014793161292986546
2018-03,GOOG,0.07498733749058425
2018-03,NFLX,0.012009943577811353
2018-03,MPC,0.022933390069946998
2018-03,PYPL,0.01474698655765061
2018-04,AAPL,0.054783765769237186
2018-04,META,0.04561974627569358
2018-04,MSFT,0.01476536466290367
2018-04,GOOG,0.07181945945924395
2018-04,NFLX,0.012483524859620955
2018-04,MPC,0.026839675447635703
2018-04,PYPL,0.014448316090083655
2018-05,AAPL,0.054239721735693136
2018-05,META,0.04935937589717696
2018-05,MSFT,0.01520752958268641
2018-05,GOOG,0.07117878922148159
2018-05,NFLX,0.013274941742650644
2018-05,MPC,0.027642555730789598
2018-05,PYPL,0.014281771925808642
2018-06,AAPL,0.051266219328537616
2018-06,NVDA,0.03167678619586341
2018-06,MSFT,0.020869626673196136
2018-06,AMZN,0.018404578946075986
2018-06,GOOG,0.0559577213796405
2018-06,NFLX,0.019672957158327523
2018-06,MPC,0.02072773383691678
2018-06,EQT,0.025415315594768655
2018-07,AAPL,0.05050616312545395
2018-07,NVDA,0.02959382410026613
2018-07,MSFT,0.02070739874931784
2018-07,AMZN,0.019092380752938575
2018-07,GOOG,0.05722490629553348
2018-07,NFLX,0.021781995014036222
2018-07,MPC,0.01830089380529853
2018-07,EQT,0.027061728878092255
2018-08,AAPL,0.05069145250908213
2018-08,NVDA,0.02986471060471177
2018-08,MSFT,0.021749163004099674
2018-08,AMZN,0.01949223264522713
2018-08,GOOG,0.0609599677699105
2018-08,NFLX,0.018334003243436366
2018-08,MPC,0.020585407602079837
2018-08,EQT,0.023788101682901273
2018-09,AAPL,0.07713411825769963
2018-09,NVDA,0.022964860469419552
2018-09,META,0.02122820273314131
2018-09,MSFT,0.029786327867588
2018-09,AMZN,0.06178627637420135
2018-09,GOOG,0.029899537592633328
2018-09,NFLX,0.018226657552914187
2018-09,MPC,0.01591215963858566
2018-09,PYPL,0.012009858819954401
2018-09,EQT,0.02660331177119887
2018-10,AAPL,0.07679271381475661
2018-10,NVDA,0.02308256006719024
2018-10,META,0.019944450375659655
2018-10,MSFT,0.03044582913577945
2018-10,AMZN,0.061728567962068576
2018-10,GOOG,0.029407312511337633
2018-10,NFLX,0.018618896634382254
2018-10,MPC,0.015523999565601562
2018-10,PYPL,0.011470484481597355
2018-10,EQT,0.02315296410574025
2018-11,AAPL,0.08186537294602514
2018-11,NVDA,0.019041511378726655
2018-11,META,0.020240781074582395
2018-11,MSFT,0.03126438962268055
2018-11,AMZN,0.054151075598866096
2018-11,GOOG,0.02917354326521214
2018-11,NFLX,0.016513694175280317
2018-11,MPC,0.015037646134489156
2018-11,PYPL,0.01208849743722488
2018-11,EQT,0.019552737683022063
2018-12,AAPL,0.035903654594834314
2018-12,NVDA,0.02897846949054336
2018-12,META,0.025689351885224716
2018-12,MSFT,0.030951489220309006
2018-12,AMZN,0.06104697046412773
2018-12,GOOG,0.019513077838357318
2018-12,MPC,0.01787899851479163
2018-12,PYPL,0.014403840179934334
2018-12,EQT,0.019371880646358922
2019-01,AAPL,0.034517083461381146
2019-01,NVDA,0.025763887374588193
2019-01,META,0.026067111058179982
2019-01,MSFT,0.030856098133621626
2019-01,AMZN,0.05904476880446282
2019-01,GOOG,0.020096500145076395
2019-01,MPC,0.017622773636272238
2019-01,PYPL,0.01536282839432285
2019-01,EQT,0.021287092434220972
2019-02,AAPL,0.03357939038873865
2019-02,NVDA,0.025577655592406004
2019-02,META,0.030560168610723144
2019-02,MSFT,0.029249855368470714
2019-02,AMZN,0.06229463271857808
2019-02,GOOG,0.019973546754875424
2019-02,MPC,0.018244116760233624
2019-02,PYPL,0.014950887183308859
2019-02,EQT,0.020228947168868243
2019-03,AAPL,0.048109497108388605
2019-03,META,0.04173342986935481
2019-03,MU,0.014709322215206834
2019-03,MSFT,0.02571699413575012
2019-03,AMZN,0.016307401988832418
2019-03,GOOG,0.01685410279832573
2019-03,MPC,0.02222655991983656
2019-03,PYPL,0.022340671162162058
2019-03,EQT,0.01257615010027975
2019-04,AAPL,0.05158884010862469
2019-04,META,0.042117618891823375
2019-04,MU,0.01453634924952759
2019-04,MSFT,0.026463978169338622
2019-04,AMZN,0.01730999943934793
2019-04,GOOG,0.017259947652124956
2019-04,MPC,0.02096924713156539
2019-04,PYPL,0.023122399548779232
2019-04,EQT,0.014070401494278942
2019-05,AAPL,0.05133062323452617
2019-05,META,0.046024406893163755
2019-05,MU,0.01393275284722014
2019-05,MSFT,0.02760036367132114
2019-05,AMZN,0.01763782961383788
2019-05,GOOG,0.016466303694097694
2019-05,MPC,0.020086281329211135
2019-05,PYPL,0.023650445830987524
2019-05,EQT,0.013066776900711723
2019-06,AAPL,0.055200706501015995
2019-06,META,0.03957575406442934
2019-06,MSFT,0.022264542951839453
2019-06,AMZN,0.02174585535223075
2019-06,GOOG,0.012786941807632774
2019-06,MPC,0.016780397181760782
2019-06,ABBV,0.024510908383471728
2019-06,PFE,0.022999807825096585
2019-06,EQT,0.012108865311242254
2019-07,AAPL,0.057733874159501646
2019-07,META,0.03981711116325039
2019-07,MSFT,0.022309901465526465
2019-07,AMZN,0.021461710925171212
2019-07,GOOG,0.011586198615207441
2019-07,MPC,0.01886268654590127
2019-07,ABBV,0.021496581314011384
2019-07,PFE,0.02220054511723863
2019-07,EQT,0.009678153383703068
2019-08,AAPL,0.061295959893972074
2019-08,META,0.039523770665914504
2019-08,MSFT,0.02238476486954033
2019-08,AMZN,0.02086853688138402
2019-08,GOOG,0.012863449355661829
2019-08,MPC,0.018774953170804253
2019-08,ABBV,0.019720699172715822
2019-08,PFE,0.019632879793429574
2019-08,EQT,0.009123357045006896
2019-09,AAPL,0.03256865381190872
2019-09,NVDA,0.030228364773741627
2019-09,META,0.017135828813386395
2019-09,MSFT,0.0384483182484379
2019-09,AMZN,0.04180740715363252
2019-09,GOOG,0.010695445617762893
2019-09,MPC,0.015318045892065663
2019-09,ABBV,0.02187160815740145
2019-10,AAPL,0.03441833951370006
2019-10,NVDA,0.03093882005435704
2019-10,META,0.01618767229878719
2019-10,MSFT,0.03819033312895592
2019-10,AMZN,0.04024134544582681
2019-10,GOOG,0.010808252812786693
2019-10,MPC,0.018625257811644053
2019-10,ABBV,0.024812332919584016
2019-11,AAPL,0.037176852654285115
2019-11,NVDA,0.03474650685750589
2019-11,META,0.016942216313158426
2019-11,MSFT,0.03829969509508232
2019-11,AMZN,0.04005361372690405
2019-11,GOOG,0.010865565694603129
2019-11,MPC,0.019067274531252915
2019-11,ABBV,0.025720317935145596
2019-12,AAPL,0.03258128025227279
2019-12,NVDA,0.021422825605629553
2019-12,META,0.01826115621863885
2019-12,MU,0.012774084359371902
2019-12,MSFT,0.05287017610979912
2019-12,AMZN,0.024489304946560327
2019-12,GOOG,0.01181155145355109
2019-12,ABBV,0.018214656383099506
2019-12,PYPL,0.01867632354320898
2020-01,AAPL,0.03448671733722321
2020-01,NVDA,0.02240428581252128
2020-01,META,0.017906313044907262
2020-01,MU,0.013929545359518396
2020-01,MSFT,0.05305731409027825
2020-01,AMZN,0.02420732130886098
2020-01,GOOG,0.011657867263273879
2020-01,ABBV,0.017708583631881773
2020-01,PYPL,0.018017962654138367
2020-02,AAPL,0.036321803079858966
2020-02,NVDA,0.02249482075097098
2020-02,META,0.01760157860750582
2020-02,MU,0.01374041022286067
2020-02,MSFT,0.05722957518359469
2020-02,AMZN,0.026294962804746004
2020-02,GOOG,0.01249599104648607
2020-02,ABBV,0.016411018082308958
2020-02,PYPL,0.018956371104589306
2020-03,AAPL,0.05302774338480227
2020-03,META,0.02143246554262407
2020-03,TSLA,0.02166906767119497
2020-03,MU,0.015277218106004938
2020-03,MSFT,0.049579809420815565
2020-03,AMD,0.012049094314144007
2020-03,AMZN,0.04800777069423618
2020-03,GOOG,0.012612576976297505
2020-03,NFLX,0.017018777691851242
2020-03,ABBV,0.015696627512988774
2020-03,PYPL,0.01762610120936276
2020-03,SNAP,0.008926006806541644
2020-04,AAPL,0.055757697004391926
2020-04,META,0.020994829366692537
2020-04,TSLA,0.019213603178335165
2020-04,MU,0.013818651073372087
2020-04,MSFT,0.05455435845841338
2020-04,AMD,0.013619515004084308
2020-04,AMZN,0.05616525818513312
2020-04,GOOG,0.012377477710330742
2020-04,NFLX,0.019574192936923134
2020-04,ABBV,0.01577175874303084
2020-04,PYPL,0.017663362067759703
2020-04,SNAP,0.008465964965059029
2020-05,AAPL,0.055559084193124754
2020-05,META,0.022222005774247704
2020-05,TSLA,0.02472551845040396
2020-05,MU,0.013569654628857805
2020-05,MSFT,0.05346384199771536
2020-05,AMD,0.013530610161887963
2020-05,AMZN,0.06146430773618574
2020-05,GOOG,0.012380944492888782
2020-05,NFLX,0.01887538824541152
2020-05,ABBV,0.014893987162951417
2020-05,PYPL,0.019570992339149634
2020-05,SNAP,0.010813885530029968
2020-06,AAPL,0.073681146591076
2020-06,NVDA,0.0179337044507044
2020-06,META,0.0102933372200295
2020-06,TSLA,0.009958944986882132
2020-06,MU,0.009986306785302997
2020-06,MSFT,0.07523386171946789
2020-06,AMD,0.017374474269280682
2020-06,AMZN,0.04442426251519825
2020-06,GOOG,0.017871430925139885
2020-06,ABBV,0.015447314803595028
2020-06,PFE,0.020530398020997688
2020-07,AAPL,0.08165165581018823
2020-07,NVDA,0.018543638318198587
2020-07,META,0.010029026237807897
2020-07,TSLA,0.01243864787159669
2020-07,MU,0.01037178517490397
2020-07,MSFT,0.0806963783947073
2020-07,AMD,0.01640955027005534
2020-07,AMZN,0.04846532034605035
2020-07,GOOG,0.01707575828597453
2020-07,ABBV,0.015806507038291916
2020-07,PFE,0.016978309925354554
2020-08,AAPL,0.08828656183092233
2020-08,NVDA,0.0192326237947011
2020-08,META,0.010397350631600865
2020-08,TSLA,0.015294920710213709
2020-08,MU,0.009352401261708288
2020-08,MSFT,0.07543934705564934
2020-08,AMD,0.022412600162722795
2020-08,AMZN,0.051593160803501674
2020-08,GOOG,0.016623960328141268
2020-08,ABBV,0.014353174948904446
2020-08,PFE,0.018722348541871308
2020-09,AAPL,0.07104176881799026
2020-09,NVDA,0.013527985913176784
2020-09,META,0.022230901339409317
2020-09,TSLA,0.06161048738086099
2020-09,MU,0.009087364567086448
2020-09,MSFT,0.07885256933181134
2020-09,AMD,0.01686687313704793
2020-09,AMZN,0.08073413550906341
2020-09,GOOG,0.012261729794359286
2020-09,NFLX,0.016115019761230687
2020-09,CVNA,0.00818291694738915
2020-09,PFE,0.011739375216213526
2020-09,ZS,0.00845570906974168
2020-10,AAPL,0.06674316409311087
2020-10,NVDA,0.014330806375501442
2020-10,META,0.020787386473601913
2020-10,TSLA,0.05552455377132129
2020-10,MU,0.009815910925809626
2020-10,MSFT,0.07698110140193316
2020-10,AMD,0.01593989047965207
2020-10,AMZN,0.07711236830115002
2020-10,GOOG,0.011543095626788066
2020-10,NFLX,0.015928800793800123
2020-10,CVNA,0.008847648891057769
2020-10,PFE,0.011934536348642475
2020-10,ZS,0.008687948860435491
2020-11,AAPL,0.06536057852619834
2020-11,NVDA,0.013830359043676518
2020-11,META,0.021756479323839638
2020-11,TSLA,0.05232160394998103
2020-11,MU,0.010962320749052009
2020-11,MSFT,0.07720234440578674
2020-11,AMD,0.01524925541385323
2020-11,AMZN,0.0774637874516553
2020-11,GOOG,0.013264650195099242
2020-11,NFLX,0.015788598921281528
2020-11,CVNA,0.00765923953157143
2020-11,PFE,0.012020155882701047
2020-11,ZS,0.008733347380367028
2020-12,AAPL,0.04185242295982371
2020-12,NVDA,0.018671755242037662
2020-12,META,0.018526121038331102
2020-12,TSLA,0.10011833530948722
2020-12,MSFT,0.07084515859340886
2020-12,AMD,0.0350848770375129
2020-12,AMZN,0.06842842615241418
2020-12,GOOG,0.02418697399961616
2020-12,NFLX,0.018017103096417762
2020-12,CVNA,0.01646080880986011
2021-01,AAPL,0.04440066653453447
2021-01,NVDA,0.017317969454244166
2021-01,META,0.017391169338261774
2021-01,TSLA,0.11847669483825968
2021-01,MSFT,0.07006292005022943
2021-01,AMD,0.03305250507862219
2021-01,AMZN,0.06695983516856593
2021-01,GOOG,0.022906070692894038
2021-01,NFLX,0.0188977210570888
2021-01,CVNA,0.014999770314094881
2021-02,AAPL,0.043207715854170006
2021-02,NVDA,0.01686120808078248
2021-02,META,0.016093646359965876
2021-02,TSLA,0.13036543921365634
2021-02,MSFT,0.07149823845992209
2021-02,AMD,0.030201754087672273
2021-02,AMZN,0.06450069343563745
2021-02,GOOG,0.023486874400046338
2021-02,NFLX,0.01820650776307751
2021-02,CVNA,0.016004087306901928
2021-03,AAPL,0.04839845192141884
2021-03,NVDA,0.008952727091195715
2021-03,META,0.020115755140209177
2021-03,TSLA,0.06273959922429666
2021-03,MU,0.01817075424864303
2021-03,MSFT,0.06201225091819892
2021-03,AMD,0.01895513668532838
2021-03,AMZN,0.06875944077186624
2021-03,GOOG,0.026253580335493156
2021-03,NFLX,0.010571086860729537
2021-03,CVNA,0.01056103736861227
2021-03,SNAP,0.022851500971586856
2021-03,ZS,0.009302795276020884
2021-04,AAPL,0.048759628331947705
2021-04,NVDA,0.008717714393273464
2021-04,META,0.023000611436773323
2021-04,TSLA,0.06204408057346571
2021-04,MU,0.017513799916362597
2021-04,MSFT,0.06292458917918646
2021-04,AMD,0.017609276193800736
2021-04,AMZN,0.06879340571746463
2021-04,GOOG,0.026666331489391844
2021-04,NFLX,0.01023510608684611
2021-04,CVNA,0.009776206756145739
2021-04,SNAP,0.01820059219615049
2021-04,ZS,0.0077901083427457185
2021-05,AAPL,0.04952172369231845
2021-05,NVDA,0.009250807288452834
2021-05,META,0.023957153610296225
2021-05,TSLA,0.06218995520116522
2021-05,MU,0.016126846677055814
2021-05,MSFT,0.06351519148156853
2021-05,AMD,0.01727840367706202
2021-05,AMZN,0.07275400483929814
2021-05,GOOG,0.029319339704276574
2021-05,NFLX,0.009507252902387875
2021-05,CVNA,0.010029576086142255
2021-05,SNAP,0.020306310882922795
2021-05,ZS,0.008035440337439656
2021-06,AAPL,0.059985983359423435
2021-06,NVDA,0.023924723119545147
2021-06,META,0.02436726235577807
2021-06,TSLA,0.03691261212189449
2021-06,MU,0.023232005759096074
2021-06,MSFT,0.07256187181055494
2021-06,AMZN,0.03785326158227629
2021-06,GOOG,0.0213134663066652
2021-06,NFLX,0.012572700545696957
2021-06,PYPL,0.009261046418366508
2021-06,SNAP,0.02096739743602562
2021-07,AAPL,0.062089580446897955
2021-07,NVDA,0.027749317147391147
2021-07,META,0.02427238683219286
2021-07,TSLA,0.0377908901019856
2021-07,MU,0.02209677480306601
2021-07,MSFT,0.07414155571880494
2021-07,AMZN,0.03804872567760757
2021-07,GOOG,0.020860292771830463
2021-07,NFLX,0.012438248203809198
2021-07,PYPL,0.009776648609968783
2021-07,SNAP,0.021659236299445567
2021-08,AAPL,0.06604503648877588
2021-08,NVDA,0.02701838982985672
2021-08,META,0.02484221242983051
2021-08,TSLA,0.038162085644711005
2021-08,MU,0.02014842305458134
2021-08,MSFT,0.07788243286784084
2021-08,AMZN,0.036759568015962155
2021-08,GOOG,0.02248211420432652
2021-08,NFLX,0.012173089127435997
2021-08,PYPL,0.00923058559242087
2021-08,SNAP,0.023627064608944186
2021-09,AAPL,0.08009823272566399
2021-09,NVDA,0.021751162917622125
2021-09,META,0.012546673551481305
2021-09,TSLA,0.037284093646854234
2021-09,MU,0.010222589548354913
2021-09,MSFT,0.05391697382812639
2021-09,AMD,0.02045174200035603
2021-09,AMZN,0.04379343991874241
2021-09,GOOG,0.055755266942705335
2021-09,NFLX,0.021241262709462465
2021-09,MPC,0.01840744852158694
2021-09,SNAP,0.03290065209078638
2021-10,AAPL,0.07795002925507054
2021-10,NVDA,0.02101965654674993
2021-10,META,0.011720538567710733
2021-10,TSLA,0.04103704028302368
2021-10,MU,0.010295098080420282
2021-10,MSFT,0.05257890532117455
2021-10,AMD,0.019847873907977275
2021-10,AMZN,0.04328284071901534
2021-10,GOOG,0.05333943105124146
2021-10,NFLX,0.02378424129900825
2021-10,MPC,0.02004526768136303
2021-10,SNAP,0.03334458241524989
2021-11,AAPL,0.07652861916653368
2021-11,NVDA,0.02405757190919628
2021-11,META,0.010362607571498324
2021-11,TSLA,0.05466922546656713
2021-11,MU,0.00929447340555821
2021-11,MSFT,0.05735594824421079
2021-11,AMD,0.021506205078762584
2021-11,AMZN,0.04120694031285584
2021-11,GOOG,0.05503484024043004
2021-11,NFLX,0.02494674755395188
2021-11,MPC,0.01982843763602803
2021-11,SNAP,0.02201050856443597
2021-12,AAPL,0.06105069696793139
2021-12,NVDA,0.032947432850198674
2021-12,TSLA,0.04501595837008848
2021-12,MSFT,0.0783749302198484
2021-12,AMD,0.017055098294824475
2021-12,AMZN,0.03330431127370257
2021-12,GOOG,0.049882095531057234
2021-12,NFLX,0.029792835982583983
2021-12,MPC,0.0274023583672404
2021-12,SNAP,0.04163212572679246
2021-12,ZS,0.02112112445010549
2022-01,AAPL,0.06445420436350123
2022-01,NVDA,0.029148724081276604
2022-01,TSLA,0.04084139057919657
2022-01,MSFT,0.07836174811922932
2022-01,AMD,0.01523021279246109
2022-01,AMZN,0.031119296033095885
2022-01,GOOG,0.04979056667956142
2022-01,NFLX,0.027480341277384464
2022-01,MPC,0.028320662382890816
2022-01,SNAP,0.040417480657689915
2022-01,ZS,0.01922384411188307
2022-02,AAPL,0.0678785959313912
2022-02,NVDA,0.025964930853269667
2022-02,TSLA,0.038733357401680386
2022-02,MSFT,0.07752525376193535
2022-02,AMD,0.012937812268640821
2022-02,AMZN,0.029871978714241344
2022-02,GOOG,0.04996598782480286
2022-02,NFLX,0.020846733615557833
2022-02,MPC,0.033976036422201254
2022-02,SNAP,0.029920667168303352
2022-02,ZS,0.016457632658999556
2022-03,AAPL,0.04744859904121817
2022-03,NVDA,0.030646214627993492
2022-03,META,0.0215659703060465
2022-03,TSLA,0.05287769561127391
2022-03,MSFT,0.06228125426920339
2022-03,AMD,0.025546153001448753
2022-03,AMZN,0.043124899864365594
2022-03,GOOG,0.03367193595959891
2022-03,NFLX,0.034681443169264574
2022-03,MPC,0.019466987394061247
2022-03,PYPL,0.013885594650151845
2022-03,SNAP,0.00984456549285534
2022-03,ZS,0.02573593315610118
2022-04,AAPL,0.04879908988969777
2022-04,NVDA,0.03335698177040778
2022-04,META,0.02210041040613246
2022-04,TSLA,0.06366710890019356
2022-04,MSFT,0.06250255514103678
2022-04,AMD,0.0220251820298014
2022-04,AMZN,0.0445185809223524
2022-04,GOOG,0.03390340512156156
2022-04,NFLX,0.032026036115857054
2022-04,MPC,0.02078803738619349
2022-04,PYPL,0.013953478325639975
2022-04,SNAP,0.008627585015531784
2022-04,ZS,0.02525281175912056
2022-05,AAPL,0.051224679102272366
2022-05,NVDA,0.026361082443318164
2022-05,META,0.023165183497387512
2022-05,TSLA,0.05981342598039745
2022-05,MSFT,0.06541045470065197
2022-05,AMD,0.020028610140845504
2022-05,AMZN,0.03946476802676246
2022-05,GOOG,0.03245023689014756
2022-05,NFLX,0.018921927782322105
2022-05,MPC,0.024666372143004586
2022-05,PYPL,0.012334359836709125
2022-05,SNAP,0.007932040972801625
2022-05,ZS,0.02467008011580048
2022-06,AAPL,0.06793897313681023
2022-06,NVDA,0.01849111390782031
2022-06,META,0.01580258424824836
2022-06,TSLA,0.05167497983461045
2022-06,MSFT,0.061143763366833234
2022-06,AMD,0.02153178300414444
2022-06,AMZN,0.05843892611075989
2022-06,GOOG,0.04346554390172851
2022-06,MPC,0.023412127366514584
2022-06,PYPL,0.023243688207998773
2022-06,SNAP,0.010231054660665297
2022-06,PFE,0.02224630862946119
2022-06,ZS,0.025630265713099582
2022-07,AAPL,0.06971004056915067
2022-07,NVDA,0.016772526785853527
2022-07,META,0.014699300372058695
2022-07,TSLA,0.051263958410382886
2022-07,MSFT,0.06452092262544887
2022-07,AMD,0.01805640861444092
2022-07,AMZN,0.05767568837743366
2022-07,GOOG,0.04656544951672941
2022-07,MPC,0.021121477597083677
2022-07,PYPL,0.021280539105563052
2022-07,SNAP,0.010634622758221505
2022-07,PFE,0.024563947640653606
2022-07,ZS,0.027960213200159102
2022-08,AAPL,0.07402532012206463
2022-08,NVDA,0.017953629377592477
2022-08,META,0.012956990346389943
2022-08,TSLA,0.06062615350673014
2022-08,MSFT,0.06300803958535049
2022-08,AMD,0.01992833862355603
2022-08,AMZN,0.0654692184863257
2022-08,GOOG,0.0443649543820414
2022-08,MPC,0.021038579367819665
2022-08,PYPL,0.023554939793017787
2022-08,SNAP,0.007149097246033242
2022-08,PFE,0.02130538919948139
2022-08,ZS,0.02590639135973854
2022-09,AAPL,0.06184519428388192
2022-09,META,0.03146794666241331
2022-09,TSLA,0.028516900739962926
2022-09,MSFT,0.057708136380024484
2022-09,AMZN,0.031521279818523276
2022-09,GOOG,0.06345150254952424
2022-09,NFLX,0.009597808190045473
2022-09,PYPL,0.03298558786374403
2022-09,EQT,0.010606042984419297
2022-09,ZS,0.022679716952134735
2022-10,AAPL,0.05973048712550083
2022-10,META,0.028792082660465575
2022-10,TSLA,0.030154531222364493
2022-10,MSFT,0.056477375186630555
2022-10,AMZN,0.030871349876657357
2022-10,GOOG,0.06141257228877773
2022-10,NFLX,0.011105753287722986
2022-10,PYPL,0.033383587417551236
2022-10,EQT,0.009934428264037013
2022-10,ZS,0.02572158941098815
2022-11,AAPL,0.06245806945768
2022-11,META,0.01863081636895002
2022-11,TSLA,0.024378113775587653
2022-11,MSFT,0.053049527210408794
2022-11,AMZN,0.026374967085864856
2022-11,GOOG,0.05697963066183903
2022-11,NFLX,0.012975295707008448
2022-11,PYPL,0.03055123491554859
2022-11,EQT,0.009612850419848537
2022-11,ZS,0.022726004321441538
2022-12,AAPL,0.0609045064121644
2022-12,NVDA,0.013518296444005361
2022-12,META,0.030957487917169766
2022-12,TSLA,0.029732587160496933
2022-12,MU,0.008557395536479665
2022-12,MSFT,0.05681395753859083
2022-12,AMZN,0.03158615275309531
2022-12,GOOG,0.06956725420481492
2022-12,PYPL,0.012768537700115748
2022-12,EQT,0.01241732643007205
2022-12,ZS,0.022343689430448684
2023-01,AAPL,0.05824444015694822
2023-01,NVDA,0.012719183527714792
2023-01,META,0.03436934247941739
2023-01,TSLA,0.02049520992790913
2023-01,MU,0.0081016058204646
2023-01,MSFT,0.05818449822816389
2023-01,AMZN,0.029944297786010654
2023-01,GOOG,0.06629316073312964
2023-01,PYPL,0.0126362175045772
2023-01,EQT,0.010792131411624866
2023-01,ZS,0.02041323450420177
2023-02,AAPL,0.05930503249154354
2023-02,NVDA,0.015590436512536375
2023-02,META,0.03900949313742629
2023-02,TSLA,0.026425331538780274
2023-02,MU,0.008961947547014388
2023-02,MSFT,0.05512529386843217
2023-02,AMZN,0.03370777531471568
2023-02,GOOG,0.06841376637464544
2023-02,PYPL,0.013256524003325902
2023-02,EQT,0.009555745790780714
2023-02,ZS,0.020766996332671973
2023-03,AAPL,0.0667862146772122
2023-03,META,0.012790941696910358
2023-03,TSLA,0.04127659384155035
2023-03,MSFT,0.08406770015343792
2023-03,AMZN,0.02924880932209487
2023-03,GOOG,0.05374187643084276
2023-03,PYPL,0.011379275728961987
2023-03,SNAP,0.011462457781418403
2023-03,PFE,0.01953186736628262
2023-03,EQT,0.00984443098858659
2023-03,ZS,0.008825010898359005
2023-04,AAPL,0.07113982501267943
2023-04,META,0.014755659218317393
2023-04,TSLA,0.039638303588437736
2023-04,MSFT,0.09252833574993997
2023-04,AMZN,0.030528783870759753
2023-04,GOOG,0.058937342665525944
2023-04,PYPL,0.01117994559988067
2023-04,SNAP,0.01205451038921169
2023-04,PFE,0.018703860796676512
2023-04,EQT,0.009015154850890283
2023-04,ZS,0.007485720328254757
2023-05,AAPL,0.07277016408496792
2023-05,META,0.016632831887582578
2023-05,TSLA,0.031208671755136242
2023-05,MSFT,0.09803175139379772
2023-05,AMZN,0.03098335326730044
2023-05,GOOG,0.060967075940804305
2023-05,PYPL,0.01112277961691608
2023-05,SNAP,0.00931092316259735
2023-05,PFE,0.01772309643440614
2023-05,EQT,0.009784872337134319
2023-05,ZS,0.005738978819463609
2023-06,AAPL,0.08836128084466524
2023-06,NVDA,0.016980072430152954
2023-06,TSLA,0.06096131305415978
2023-06,MSFT,0.06484889766194779
2023-06,AMZN,0.021044828245229658
2023-06,GOOG,0.02095360759308818
2023-06,PYPL,0.020047440119558144
2023-06,SNAP,0.013736842834577583
2023-06,PFE,0.014626834576049255
2023-06,EQT,0.008574417458203422
2023-07,AAPL,0.08914932014728873
2023-07,NVDA,0.01750535245011178
2023-07,TSLA,0.07214410158295749
2023-07,MSFT,0.061999550079460154
2023-07,AMZN,0.02097597800435701
2023-07,GOOG,0.018942385351617852
2023-07,PYPL,0.019896018064180943
2023-07,SNAP,0.014700978396099457
2023-07,PFE,0.0130099420895541
2023-07,EQT,0.00935118215818566
2023-08,AAPL,0.08737760198798013
2023-08,NVDA,0.01871376279365159
2023-08,TSLA,0.07132729906392618
2023-08,MSFT,0.059186268577599545
2023-08,AMZN,0.02081656035663859
2023-08,GOOG,0.020171225465200185
2023-08,PYPL,0.021877291368950124
2023-08,SNAP,0.013650153698369211
2023-08,PFE,0.012515504987638008
2023-08,EQT,0.009280664347190954
2023-09,AAPL,0.07021572768666173
2023-09,NVDA,0.07411696363487828
2023-09,META,0.03677325100970088
2023-09,TSLA,0.050263294313006295
2023-09,MSFT,0.08759770494288638
2023-09,PLTR,0.01850630268554766
2023-09,AMZN,0.01753602648564482
2023-09,GOOG,0.012270770844423986
2023-09,NFLX,0.013298045416785587
2023-09,ABBV,0.009126355839460759
2023-09,PYPL,0.011901502229655012
2023-09,SNAP,0.01259035301684572
2023-09,PFE,0.009673802104320856
2023-09,EQT,0.009528305725232084
2023-10,AAPL,0.06706860589754399
2023-10,NVDA,0.06847227067586117
2023-10,META,0.03910570761827819
2023-10,TSLA,0.051077764018374355
2023-10,MSFT,0.08844909170253931
2023-10,PLTR,0.020717677923073937
2023-10,AMZN,0.01692964226607596
2023-10,GOOG,0.012346293608843517
2023-10,NFLX,0.012135666054463213
2023-10,ABBV,0.009702250523236639
2023-10,PYPL,0.011666063283995373
2023-10,SNAP,0.01136026524666317
2023-10,PFE,0.009506005058519418
2023-10,EQT,0.00937683253610602
2023-11,AAPL,0.0686959177243902
2023-11,NVDA,0.06591918073855221
2023-11,META,0.040299524310587156
2023-11,TSLA,0.04210069051574002
2023-11,MSFT,0.09726067036885433
2023-11,PLTR,0.01967940548894416
2023-11,AMZN,0.01820155362744044
2023-11,GOOG,0.01204860186783006
2023-11,NFLX,0.013587235853053933
2023-11,ABBV,0.009531015579506768
2023-11,PYPL,0.010615108378554691
2023-11,SNAP,0.013106116414692946
2023-11,PFE,0.00899363258733562
2023-11,EQT,0.010056209913491956
2023-12,AAPL,0.07336648175344601
2023-12,NVDA,0.06510589234521963
2023-12,META,0.036677394951872895
2023-12,TSLA,0.03206226277765076
2023-12,MSFT,0.11094926361897281
2023-12,PLTR,0.017523737047241656
2023-12,AMD,0.013504021792659008
2023-12,AMZN,0.04109686000982715
2023-12,GOOG,0.021342055628427718
2023-12,PFE,0.01971229123829469
2023-12,EQT,0.01042998483208403
2024-01,AAPL,0.07131596221836696
2024-01,NVDA,0.06611791127562323
2024-01,META,0.038057088720574596
2024-01,TSLA,0.03182434656437357
2024-01,MSFT,0.1055971742886223
2024-01,PLTR,0.014391714840182892
2024-01,AMD,0.015756533972570055
2024-01,AMZN,0.04099115662407209
2024-01,GOOG,0.021538926325300245
2024-01,PFE,0.017862252716082588
2024-01,EQT,0.009677204472531982
2024-02,AAPL,0.06686131302107279
2024-02,NVDA,0.08041042380252497
2024-02,META,0.04106080934198328
2024-02,TSLA,0.02348055283683494
2024-02,MSFT,0.10928696865700673
2024-02,PLTR,0.013201521151915085
2024-02,AMD,0.01754553372605483
2024-02,AMZN,0.04098599017272664
2024-02,GOOG,0.0212140011207051
2024-02,PFE,0.01669381688417333
2024-02,EQT,0.008673954136412634
2024-03,AAPL,0.07066290195846595
2024-03,NVDA,0.06620998130933854
2024-03,META,0.03534651029178909
2024-03,TSLA,0.01933528565575355
2024-03,MU,0.017917284308329038
2024-03,MSFT,0.09138335128830519
2024-03,PLTR,0.012677659949240064
2024-03,AMD,0.04865554236711654
2024-03,AMZN,0.048521404433226695
2024-03,GOOG,0.020857952733771966
2024-03,NFLX,0.034274673411865124
2024-03,PFE,0.01487239651488031
2024-03,EQT,0.007855619387927342
2024-03,ZS,0.009547973473333034
2024-04,AAPL,0.06572764489864469
2024-04,NVDA,0.07414467509803382
2024-04,META,0.034333449374088804
2024-04,TSLA,0.016507180428087364
2024-04,MU,0.02287775600504631
2024-04,MSFT,0.09112955091350354
2024-04,PLTR,0.011403801610661067
2024-04,AMD,0.04472069361018874
2024-04,AMZN,0.04854664709550816
2024-04,GOOG,0.022275824421920946
2024-04,NFLX,0.03385009136959386
2024-04,PFE,0.015234819951243029
2024-04,EQT,0.007685384905151231
2024-04,ZS,0.007452381436707771
2024-05,AAPL,0.0690651382537326
2024-05,NVDA,0.07500322291822226
2024-05,META,0.03217583663254376
2024-05,TSLA,0.01820651986365209
2024-05,MU,0.023189656845122003
2024-05,MSFT,0.08921070911724652
2024-05,PLTR,0.011518507011893097
2024-05,AMD,0.04151345140768711
2024-05,AMZN,0.04982439249467274
2024-05,GOOG,0.0254810030564738
2024-05,NFLX,0.032466536883926776
2024-05,PFE,0.014879439455485872
2024-05,EQT,0.008792497220666258
2024-05,ZS,0.007077823326684036
2024-06,AAPL,0.07836613718164592
2024-06,NVDA,0.06504650473819344
2024-06,META,0.03107933000312634
2024-06,TSLA,0.02094460291713828
2024-06,MU,0.014903372097952039
2024-06,MSFT,0.08899842164344061
2024-06,PLTR,0.009563175124990228
2024-06,AMD,0.02143370006897737
2024-06,AMZN,0.03945592905479056
2024-06,GOOG,0.015528706244162215
2024-06,NFLX,0.03383104948328362
2024-06,CVNA,0.012150391883976642
2024-06,PFE,0.02078037608456302
2024-07,AAPL,0.08082130028122572
2024-07,NVDA,0.06900652959787178
2024-07,META,0.031632112741665545
2024-07,TSLA,0.021909028041426738
2024-07,MU,0.01476262647969833
2024-07,MSFT,0.09020307544482854
2024-07,PLTR,0.010518219568471762
2024-07,AMD,0.01961023010955981
2024-07,AMZN,0.04068168574231955
2024-07,GOOG,0.015430881831195797
2024-07,NFLX,0.03349872909101864
2024-07,CVNA,0.014726087889715316
2024-07,PFE,0.0190980568651617
2024-08,AAPL,0.08695544103214681
2024-08,NVDA,0.06669659603230939
2024-08,META,0.03039536471390963
2024-08,TSLA,0.02621810312068345
2024-08,MU,0.012588123023223985
2024-08,MSFT,0.08615157532815776
2024-08,PLTR,0.011393545444396032
2024-08,AMD,0.017822713265523323
2024-08,AMZN,0.040163877712204483
2024-08,GOOG,0.014863722154412859
2024-08,NFLX,0.03182470926726478
2024-08,CVNA,0.015552651650086693
2024-08,PFE,0.02157038425693835
2024-09,AAPL,0.07589506044807418
2024-09,NVDA,0.04994880242621622
2024-09,META,0.026919679742315194
2024-09,TSLA,0.0268150441352477
2024-09,MU,0.011156960833578757
2024-09,MSFT,0.0825822492006212
2024-09,PLTR,0.017875212933942446
2024-09,AMD,0.016098234443404236
2024-09,AMZN,0.04642201047999973
2024-09,GOOG,0.028591908768808932
2024-09,NFLX,0.01916453608116188
2024-09,CVNA,0.016955849417685163
2024-09,PFE,0.008495975653082393
2024-10,AAPL,0.07523465505502133
2024-10,NVDA,0.04951226511811007
2024-10,META,0.028827164781430544
2024-10,TSLA,0.03192369153963252
2024-10,MU,0.011713721705446562
2024-10,MSFT,0.08299657799923994
2024-10,PLTR,0.020579908923130875
2024-10,AMD,0.017322716967138156
2024-10,AMZN,0.04721201171067571
2024-10,GOOG,0.02824459710187666
2024-10,NFLX,0.0188824825523493
2024-10,CVNA,0.01909609607252873
2024-10,PFE,0.008257488854506626
2024-11,AAPL,0.07305487458664559
2024-11,NVDA,0.05420881633032782
2024-11,META,0.028625350099949397
2024-11,TSLA,0.0305320949759036
2024-11,MU,0.01128475164163859
2024-11,MSFT,0.07849479400326567
2024-11,PLTR,0.023026489710143986
2024-11,AMD,0.015233006219444449
2024-11,AMZN,0.04730067033584392
2024-11,GOOG,0.02921756130067585
2024-11,NFLX,0.02015757033545108
2024-11,CVNA,0.02716528526561191
2024-11,PFE,0.00808700343651304
2024-12,AAPL,0.0706967080215821
2024-12,NVDA,0.0737232903833264
2024-12,META,0.034444060561382696
2024-12,TSLA,0.010131420989910538
2024-12,MU,0.014249261928715408
2024-12,MSFT,0.06036312238934957
2024-12,PLTR,0.014225926032691441
2024-12,AMD,0.014830621159824024
2024-12,AMZN,0.029706006561987436
2024-12,GOOG,0.03409976561710836
2024-12,NFLX,0.012470255842532028
2024-12,CVNA,0.014065685472571966
2025-01,AAPL,0.07607955703218852
2025-01,NVDA,0.07304081004461431
2025-01,META,0.03584241398269464
2025-01,TSLA,0.012089591487170495
2025-01,MU,0.012502876026078637
2025-01,MSFT,0.061278663334621966
2025-01,PLTR,0.016358141663375732
2025-01,AMD,0.013318396812636763
2025-01,AMZN,0.03197274334161662
2025-01,GOOG,0.03889157953643107
2025-01,NFLX,0.012782943017336889
2025-01,CVNA,0.011202230710497979
2025-02,AAPL,0.06957591249047435
2025-02,NVDA,0.06337301295903613
2025-02,META,0.040939596202000265
2025-02,TSLA,0.011753741650691195
2025-02,MU,0.013153382186190169
2025-02,MSFT,0.05855588017453244
2025-02,PLTR,0.0173136698361918
2025-02,AMD,0.012406225364889832
2025-02,AMZN,0.03361272007451032
2025-02,GOOG,0.040744451271283996
2025-02,NFLX,0.01359355407197624
2025-02,CVNA,0.013229000170587146
2025-03,AAPL,0.04221870439569163
2025-03,NVDA,0.038362332417893504
2025-03,META,0.0229793918753489
2025-03,TSLA,0.035737113191404886
2025-03,MU,0.009871485679039777
2025-03,MSFT,0.05949105205113679
2025-03,AMD,0.011144685814866622
2025-03,AMZN,0.027260182980861306
2025-03,GOOG,0.014538939028105704
2025-03,NFLX,0.018620907492439734
2025-03,CVNA,0.015272962547607715
2025-04,AAPL,0.042048687371391245
2025-04,NVDA,0.0360936315752995
2025-04,META,0.021511988201031333
2025-04,TSLA,0.03427819231688718
2025-04,MU,0.009946513422444429
2025-04,MSFT,0.06099908511832956
2025-04,AMD,0.012433238783205063
2025-04,AMZN,0.0264932737478005
2025-04,GOOG,0.014317806633113068
2025-04,NFLX,0.019202506993760374
2025-04,CVNA,0.014854635210235046
2025-05,AAPL,0.03942643211497801
2025-05,NVDA,0.035552679689474204
2025-05,META,0.02008363763006051
2025-05,TSLA,0.03657873518122635
2025-05,MU,0.00863362031712985
2025-05,MSFT,0.06295159430537053
2025-05,AMD,0.011546861843735531
2025-05,AMZN,0.025169782280237796
2025-05,GOOG,0.014451884614391073
2025-05,NFLX,0.022841120530177537
2025-05,CVNA,0.017015515556441662
2025-06,AAPL,0.04009170948647922
2025-06,NVDA,0.041918425846093545
2025-06,META,0.021255211578721126
2025-06,TSLA,0.014879265008698782
2025-06,MSFT,0.05755602342568826
2025-06,PLTR,0.021311149513224176
2025-06,AMZN,0.025322831838178992
2025-06,GOOG,0.02804929133955795
2025-06,NFLX,0.009775798511515938
2025-06,EQT,0.009072958544320588
2025-07,AAPL,0.03836387540126484
2025-07,NVDA,0.0459133328708525
2025-07,META,0.022714416815023192
2025-07,TSLA,0.01277958718175436
2025-07,MSFT,0.058255058724929046
2025-07,PLTR,0.02065108515382428
2025-07,AMZN,0.02538516343611482
2025-07,GOOG,0.02699785917639777
2025-07,NFLX,0.0101580616735952
2025-07,EQT,0.008990923770223785
2025-08,AAPL,0.037840111155480985
2025-08,NVDA,0.05039541614371935
2025-08,META,0.023205882556000357
2025-08,TSLA,0.0120910691201351
2025-08,MSFT,0.06091617655136552
2025-08,PLTR,0.02338732385787114
2025-08,AMZN,0.026409627244330856
2025-08,GOOG,0.028616827297515978
2025-08,NFLX,0.008574337965383044
2025-08,EQT,0.008078755646296468
2025-09,AAPL,0.05870690627091082
2025-09,NVDA,0.07907882990126745
2025-09,META,0.014580363236887647
2025-09,TSLA,0.008178905988032068
2025-09,MU,0.02232686200919608
2025-09,MSFT,0.04528937323186338
2025-09,PLTR,0.02624318385046487
2025-09,AMZN,0.021029648415055023
2025-09,GOOG,0.018818819176386132
2025-09,NFLX,0.03129390618227731
2025-09,CVNA,0.021231396046286353
2025-09,RKLB,0.010111027202715802
2025-09,ZS,0.014553960701308053
2025-10,AAPL,0.06134084440965204
2025-10,NVDA,0.08069609603354769
2025-10,META,0.01381704225516864
2025-10,TSLA,0.01037780378068374
2025-10,MU,0.029901504559477893
2025-10,MSFT,0.04410042915919505
2025-10,PLTR,0.029100014678929927
2025-10,AMZN,0.019207485468255243
2025-10,GOOG,0.02046494702992302
2025-10,NFLX,0.02957972618657216
2025-10,CVNA,0.020513874535684654
2025-10,RKLB,0.00949480740766222
2025-10,ZS,0.014995218912044792
2025-11,AAPL,0.06331965961916793
2025-11,NVDA,0.08513946784870381
2025-11,META,0.011858878954622364
2025-11,TSLA,0.010357537627589031
2025-11,MU,0.038900824204121116
2025-11,MSFT,0.04286128941584335
2025-11,PLTR,0.03108923414940359
2025-11,AMZN,0.02076914391763313
2025-11,GOOG,0.02302153134344319
2025-11,NFLX,0.02683611068101836
2025-11,CVNA,0.01620529656953931
2025-11,RKLB,0.01213395872634146
2025-11,ZS,0.01610925897016602
2025-12,AAPL,0.02977868969495767
2025-12,NVDA,0.09585233864494172
2025-12,META,0.02894409563934263
2025-12,TSLA,0.012321144678268137
2025-12,MU,0.030406740387718036
2025-12,MSFT,0.07735935251742569
2025-12,WDC,0.032412572454073856
2025-12,PLTR,0.033980438559447754
2025-12,AMZN,0.014328189362812908
2025-12,GOOG,0.015572673294682161
2025-12,NFLX,0.018876806221690058
2025-12,CVNA,0.009339568873593915
2025-12,BE,0.020108499979211304
2025-12,RKLB,0.009170569755306668
2026-01,AAPL,0.028783199673985214
2026-01,NVDA,0.10013624488652248
2026-01,META,0.029257318827013292
2026-01,TSLA,0.012770618280240377
2026-01,MU,0.03639810902475319
2026-01,MSFT,0.0753879489645898
2026-01,WDC,0.03392071675460454
2026-01,PLTR,0.035548917297807896
2026-01,AMZN,0.014059107970267305
2026-01,GOOG,0.015144166223948105
2026-01,NFLX,0.016310729123135918
2026-01,CVNA,0.01043438421768596
2026-01,BE,0.015857202880543347
2026-01,RKLB,0.015051059595307982
2026-02,AAPL,0.026968474021287794
2026-02,NVDA,0.10073955034948193
2026-02,META,0.031174983336160277
2026-02,TSLA,0.011998052883655066
2026-02,MU,0.051938669506471274
2026-02,MSFT,0.06584421831250784
2026-02,WDC,0.04836747770471718
2026-02,PLTR,0.028779271557156656
2026-02,AMZN,0.014308223466317415
2026-02,GOOG,0.016037930390485018
2026-02,NFLX,0.014257681575981056
2026-02,CVNA,0.009735448848040716
2026-02,BE,0.027117851608081153
2026-02,RKLB,0.016958565433780194
2026-03,AAPL,0.026508223226634476
2026-03,NVDA,0.07787223513164479
2026-03,META,0.012707434205204364
2026-03,TSLA,0.018724296445518138
2026-03,MU,0.017095092659677912
2026-03,MSFT,0.059515793624113626
2026-03,WDC,0.030301568135390096
2026-03,PLTR,0.03117992675897769
2026-03,AMD,0.02736504402750717
2026-03,AMZN,0.02509305402461492
2026-03,GOOG,0.033314375916012745
2026-03,NFLX,0.019472923460210213
2026-03,BE,0.013698849903543893
2026-03,SNDK,0.008902856478362841
2026-03,RKLB,0.008305691722362368
2026-04,AAPL,0.026949931204451376
2026-04,NVDA,0.08111774909625792
2026-04,META,0.011880401027132406
2026-04,TSLA,0.018301314982221734
2026-04,MU,0.014827924789158967
2026-04,MSFT,0.05936504946302605
2026-04,WDC,0.031026593885626296
2026-04,PLTR,0.035183583436496725
2026-04,AMD,0.029425770921697292
2026-04,AMZN,0.026336826821733692
2026-04,GOOG,0.03249746900506146
2026-04,NFLX,0.020588624968766556
2026-04,BE,0.012617954077460108
2026-04,SNDK,0.009421460350795274
2026-04,RKLB,0.008169031571609814
2026-05,AAPL,0.02535758079848508
2026-05,NVDA,0.08168823410602855
2026-05,META,0.011181980893139987
2026-05,TSLA,0.016533646472705797
2026-05,MU,0.019975102443328584
2026-05,MSFT,0.05755066408882414
2026-05,WDC,0.0438619053306526
2026-05,PLTR,0.029444778414046142
2026-05,AMD,0.04512442266882169
2026-05,AMZN,0.02949685596621318
2026-05,GOOG,0.03807759726787927
2026-05,NFLX,0.017639859074241857
2026-05,BE,0.023222823385080818
2026-05,SNDK,0.014309334108147873
2026-05,RKLB,0.009236377596280314
2026-06,AAPL,0.03572809222898064
2026-06,NVDA,0.05165225669735309
2026-06,META,0.02173844610774965
2026-06,TSLA,0.03262489707042302
2026-06,MU,0.02489331415708414
2026-06,MSFT,0.045984864720198984
2026-06,WDC,0.036654868342500424
2026-06,PLTR,0.011486110258626302
2026-06,AMD,0.01578775953617299
2026-06,AMZN,0.019845939750637528
2026-06,GOOG,0.06854937310754741
2026-06,BE,0.011486950824703884
2026-06,SNDK,0.015008904502856395
2026-07,AAPL,0.03301802822801005
2026-07,NVDA,0.04884171856334625
2026-07,META,0.019312406121200616
2026-07,TSLA,0.031382106187594204
2026-07,MU,0.029493028001789427
2026-07,MSFT,0.037970286112388126
2026-07,WDC,0.043936966160241696
2026-07,PLTR,0.008531940000936187
2026-07,AMD,0.017710728629758903
2026-07,AMZN,0.017418771425035024
2026-07,GOOG,0.06416555838860705
2026-07,BE,0.012159431541224737
2026-07,SNDK,0.020066158627260425
2026-08,AAPL,0.03584610446204585
2026-08,NVDA,0.049833163645795965
2026-08,META,0.01941023234590765
2026-08,TSLA,0.02361368022657275
2026-08,MU,0.02138869140028054
2026-08,MSFT,0.04810613467087934
2026-08,WDC,0.038114118662730234
2026-08,PLTR,0.00915172237532791
2026-08,AMD,0.014762799192771695
2026-08,AMZN,0.020184392725396592
2026-08,GOOG,0.06586596468531072
2026-08,BE,0.00840745660112011
2026-08,SNDK,0.010902803340154373
