ticker,weight,target,index_weight,active,market_value,price,shares,sector
NVDA,0.0869361703747205,0.0869361703747205,0.08930518526504418,-0.0023690148903236785,21625372.380711723,220.53323364257812,98059.0,Technology
AAPL,0.07298846429198201,0.07298846429198201,0.07761279522001939,-0.004624330928037379,18155880.492630526,316.8500061035156,57301.0,Technology
GOOG,0.06622642006987083,0.06622642006987083,0.06884975116624903,-0.0026233310963782036,16473821.992380368,335.1923828125,49147.0,Communication Services
MSFT,0.0600795878356785,0.0600795878356785,0.0632243798652576,-0.0031447920295790965,14944797.474125028,507.2900085449219,29460.0,Technology
AMZN,0.046948330128187936,0.046948330128187936,0.04702858633792945,-8.025620974151659e-05,11678397.11938675,259.7699890136719,44956.0,Consumer Cyclical
AVGO,0.02896680465343638,0.02896680465343638,0.029572404800932182,-0.0006056001474958016,7205492.6575422995,370.3399963378906,19456.0,Technology
TSLA,0.02473651092737631,0.02473651092737631,0.02439136234607787,0.0003451485812984399,6153207.093184858,367.9500122070313,16722.0,Consumer Cyclical
LLY,0.019911123614355958,0.019911123614355958,0.018276216112916063,0.0016349075014398945,4952891.999071045,1156.72998046875,4281.0,Healthcare
MU,0.01823711920584427,0.01823711920584427,0.01817361672522243,6.350248062183747e-05,4536483.402453762,958.72998046875,4731.0,Technology
JPM,0.017838941764656516,0.017838941764656516,0.015883993008915433,0.0019549487557410823,4437436.763958308,356.0199890136719,12464.0,Financial Services
JNJ,0.016129239517753215,0.016129239517753215,0.010753141236218018,0.005376098281535197,4012148.3300411124,265.8500061035156,15091.0,Healthcare
WMT,0.015845491657844164,0.015845491657844164,0.013964631870641614,0.00188085978720255,3941566.049888736,104.87000274658205,37585.0,Consumer Defensive
UNP,0.013901561215773293,0.013901561215773293,0.0029980002470874198,0.010903560968685874,3458013.3524236064,300.6700134277344,11501.0,Industrials
PG,0.013509670257203666,0.013509670257203666,0.005661665479050426,0.00784800477815324,3360530.476479412,145.1199951171875,23156.0,Consumer Defensive
AMD,0.01321141790746502,0.01321141790746502,0.012897606095657169,0.00031381181180785075,3286340.2044819235,470.7200012207031,6981.0,Technology
BAC,0.012752171261574892,0.012752171261574892,0.007269742002300116,0.005482429259274776,3172102.6013167542,61.625579833984375,51473.0,Financial Services
XOM,0.012606637974818851,0.012606637974818851,0.01110796970934844,0.0014986682654704112,3135901.196236189,160.9499969482422,19483.0,Energy
CAT,0.012390950336220893,0.012390950336220893,0.006152689870777455,0.006238260465443438,3082248.896134947,797.469970703125,3865.0,Industrials
KO,0.012386525524752603,0.012386525524752603,0.006403179998260606,0.005983345526491997,3081148.22428221,88.66999816894531,34748.0,Consumer Defensive
ABT,0.012282178554348606,0.012282178554348606,0.0032263611982313615,0.009055817356117244,3055191.915394216,110.36000061035156,27683.0,Healthcare
ABBV,0.012102868601275109,0.012102868601275109,0.0076053148873112125,0.004497553713963896,3010588.564567183,256.4200134277344,11740.0,Healthcare
DE,0.011625855598926964,0.011625855598926964,0.0029637552230258302,0.008662100375901134,2891931.5802330826,654.9099731445312,4415.0,Industrials
WFC,0.01153307573688986,0.01153307573688986,0.004384752344557494,0.007148323392332366,2868852.589551353,86.38999938964844,33208.0,Financial Services
GE,0.011281668544552138,0.011281668544552138,0.005846264309598138,0.005435404234953999,2806315.0504573444,335.7099914550781,8359.0,Industrials
RTX,0.01098403344171237,0.01098403344171237,0.004699061008314443,0.006284972433397928,2732278.318625952,207.72999572753903,13153.0,Industrials
COP,0.010932432538766858,0.010932432538766858,0.002671456156241873,0.008260976382524985,2719442.594018256,132.49000549316406,20525.0,Energy
NEE,0.01078431729150442,0.01078431729150442,0.0028819598549241856,0.007902357436580234,2682598.9262617244,82.33999633789062,32579.0,Utilities
MRK,0.01078190229752737,0.01078190229752737,0.006118657402188795,0.004663244895338575,2681998.1965099336,147.75999450683594,18151.0,Healthcare
COST,0.010526984152013998,0.010526984152013998,0.007025773843661797,0.0035012103083522017,2618587.307813482,943.8900146484376,2774.0,Consumer Defensive
HD,0.010369434557937422,0.010369434557937422,0.005489642196217579,0.004879792361719843,2579396.846286934,325.4317932128906,7926.0,Consumer Cyclical
MS,0.010229295979569656,0.010229295979569656,0.0056232548791617255,0.00460604110040793,2544537.374917952,213.32000732421875,11928.0,Financial Services
GS,0.010196480175206146,0.010196480175206146,0.00501364608014184,0.005182834095064305,2536374.4435825287,1020.9000244140624,2484.0,Financial Services
CVX,0.010190628098743207,0.010190628098743207,0.006835949470614219,0.003354678628128988,2534918.7395623727,206.13999938964844,12297.0,Energy
LIN,0.009731867348630083,0.009731867348630083,0.0037879636239216558,0.005943903724708427,2420802.002971733,487.9729919433594,4960.0,Basic Materials
LOW,0.00967416645542662,0.00967416645542662,0.0019276244242908845,0.007746542031135735,2406448.9057873716,204.6999969482422,11755.0,Consumer Cyclical
TMO,0.00950965835210085,0.00950965835210085,0.0038296618694968225,0.005679996482604027,2365527.515085086,617.0999755859375,3833.0,Healthcare
AXP,0.009405816913200976,0.009405816913200976,0.0037423173009750272,0.0056634996122259485,2339696.957158743,330.1700134277344,7086.0,Financial Services
MCD,0.009290802280902287,0.009290802280902287,0.0031301112661252673,0.006160691014777019,2311087.0673744436,261.6800231933594,8831.0,Consumer Cyclical
C,0.009109910710181178,0.009109910710181178,0.003864477582756395,0.005245433127424783,2266090.289157568,131.6199951171875,17216.0,Financial Services
PFE,0.008570028345224565,0.008570028345224565,0.002722605850401472,0.005847422494823093,2131794.5508746104,28.459999084472656,74904.0,Healthcare
UNH,0.008417114367466276,0.008417114367466276,0.005866611933227494,0.0025505024342387817,2093757.198907236,389.4100036621094,5376.0,Healthcare
TJX,0.008411112321524018,0.008411112321524018,0.002472267003257432,0.005938845318266586,2092264.1899790994,133.91000366210938,15624.0,Consumer Cyclical
ORCL,0.008369155972502517,0.008369155972502517,0.007209402861210409,0.0011597531112921087,2081827.5481600012,149.1199951171875,13960.0,Technology
INTC,0.00800022964301701,0.00800022964301701,0.007577859554983081,0.00042237008803392914,1990057.1237004814,89.51000213623047,22232.0,Technology
PLTR,0.007916524920545244,0.007916524920545244,0.007516823979667658,0.0003997009408775853,1969235.5739856292,186.3800048828125,10565.0,Technology
CSCO,0.00782726896209047,0.00782726896209047,0.007309323838364484,0.0005179451237259857,1947033.1543200044,110.48999786376952,17621.0,Technology
WELL,0.007730958781829579,0.007730958781829579,0.0027990162678439502,0.004931942513985628,1923075.9969801079,236.2400054931641,8140.0,Real Estate
GEV,0.007585290929417964,0.007585290929417964,0.004016598586067317,0.0035686923433506474,1886841.1186927187,898.530029296875,2099.0,Industrials
DELL,0.006923153800501512,0.006923153800501512,0.004967283864350676,0.0019558699361508355,1722134.507874751,456.010009765625,3776.0,Technology
LRCX,0.006618640231701569,0.006618640231701569,0.006332009202444657,0.00028663102925691186,1646386.7576357652,301.489990234375,5460.0,Technology
AMAT,0.00646718809187018,0.00646718809187018,0.00610569793798225,0.0003614901538879301,1608713.0378527073,458.3900146484375,3509.0,Technology
GLD,0.006412923652882752,0.006412923652882752,0.0024156990114591968,0.0039972246414235555,1595214.7586545846,408.4200134277344,3905.0,Unknown
PANW,0.006146838994315029,0.006146838994315029,0.005227194440028144,0.0009196445542868845,1529026.1998358634,382.1300048828125,4001.0,Technology
ADP,0.006049354413686644,0.006049354413686644,0.0019080364620230105,0.004141317951663634,1504776.9104045527,284.34027099609375,5292.0,Technology
SBUX,0.005927042964699504,0.005927042964699504,0.0020329827640584524,0.0038940602006410515,1474351.9374690016,106.25,13876.0,Consumer Cyclical
CRM,0.005619076432189738,0.005619076432189738,0.0035574962221313674,0.0020615802100583704,1397745.2625071972,257.5400085449219,5427.0,Technology
NFLX,0.005386301057832075,0.005386301057832075,0.005664445091073241,-0.00027814403324116603,1339842.3881357287,81.05000305175781,16531.0,Communication Services
CRWD,0.005223502447405461,0.005223502447405461,0.003969942419033521,0.0012535600283719401,1299346.2337921085,231.0,5624.0,Technology
VZ,0.00512776679056199,0.00512776679056199,0.0034881176825939993,0.0016396491079679904,1275531.989152295,50.02000045776367,25500.0,Communication Services
TXN,0.00506495539588152,0.00506495539588152,0.003999256118718276,0.0010656992771632436,1259907.654725528,260.9100036621094,4828.0,Technology
ADBE,0.0050566131216047425,0.0050566131216047425,0.001953409483938001,0.0031032036376667416,1257832.5139991797,292.7900085449219,4296.0,Technology
ANET,0.0049429076577362915,0.0049429076577362915,0.004142485479486934,0.0008004221782493574,1229548.2798619026,195.69000244140625,6283.0,Technology
NOW,0.00483675399774405,0.00483675399774405,0.0025683418687704094,0.0022684121289736404,1203142.5569388324,147.99000549316406,8129.0,Technology
MELI,0.004731763700096959,0.004731763700096959,0.0016475199261261114,0.003084243773970847,1177026.2203991185,1936.199951171875,607.0,Consumer Cyclical
QCOM,0.004727640675460307,0.004727640675460307,0.003004433746768939,0.0017232069286913674,1176000.6180207513,169.5571746826172,6935.0,Technology
ADI,0.004506372602118069,0.004506372602118069,0.0029452955425025465,0.0015610770596155223,1120960.1847768696,361.0400085449219,3104.0,Technology
UBER,0.004487612845189916,0.004487612845189916,0.002593484735318986,0.0018941281098709298,1116293.6952409914,75.6500015258789,14756.0,Technology
TMUS,0.0044590053197564004,0.0044590053197564004,0.003248624524504678,0.0012103807952517226,1109177.5732894046,180.44000244140625,6147.0,Communication Services
MRVL,0.00437695403362525,0.00437695403362525,0.0031152203842275145,0.0012617336493977354,1088767.3158642808,211.66000366210935,5143.0,Technology
APH,0.004281038434589365,0.004281038434589365,0.0016405648991241293,0.0026404735354652363,1064908.3106041045,79.2750015258789,13433.0,Technology
DIS,0.004091186226323266,0.004091186226323266,0.003116907602456389,0.0009742786238668769,1017682.5737979123,107.5500030517578,9462.0,Communication Services
SNDK,0.003957722494080246,0.003957722494080246,0.0038501989909490645,0.00010752350313118124,984483.4704024611,1566.699951171875,628.0,Technology
INTU,0.003936112960426498,0.003936112960426498,0.0016495792634625267,0.0022865336969639712,979108.0989060914,359.29998779296875,2725.0,Technology
FTNT,0.003699533059612241,0.003699533059612241,0.002104964525342828,0.0015945685342694132,920258.8485785449,170.92999267578125,5383.0,Technology
STX,0.0036921345774710243,0.0036921345774710243,0.0031511910407738433,0.000540943536697181,918418.4761459173,828.3800048828125,1108.0,Technology
WDC,0.0034104016062970143,0.0034104016062970143,0.00272644964038367,0.0006839519659133445,848337.3995663823,450.4053955078125,1883.0,Technology
GLW,0.0032904328552649125,0.0032904328552649125,0.00215029208454509,0.0011401407707198226,818495.172747147,148.72999572753906,5503.0,Technology
SNOW,0.00316770889509582,0.00316770889509582,0.0019280587899922594,0.0012396501051035605,787967.5876550853,331.42999267578125,2377.0,Technology
WBD,0.0022870285252160143,0.0022870285252160143,0.001202256363656814,0.0010847721615592004,568898.3456474836,28.530000686645508,19940.0,Communication Services
APP,0.00212013174621414,0.00212013174621414,0.001756143107168448,0.0003639886390456918,527382.7718707673,312.05999755859375,1690.0,Communication Services
